run_id	query_chrom	query_start	query_end	target_chrom	donor_haplotype	donor_seq	donor_start	donor_end	bp	windows	mean_identity	category
chrX_homolog_run0002	chrX	124000	2496000	chrX	h1	PAN011#joint#h1_chrX	100388	2458248	2350000	1175	0.999659	homologous_same_chrom
chr14_homolog_run0054	chr14	7102000	8628000	chr14	h1	PAN011#joint#h1_chr14	7016104	8542219	1500000	750	0.999911	homologous_same_chrom
chr14_homolog_run0007	chr14	1192000	2332000	chr14	h1	PAN011#joint#h1_chr14	1196299	2336230	1140000	570	0.999091	homologous_same_chrom
chrX_homolog_run1494	chrX	88140000	89146000	chrX	h1	PAN011#joint#h1_chrX	88102447	89108449	972000	486	0.999999	homologous_same_chrom
chr21_homolog_run0044	chr21	484000	1408000	chr21	h1	PAN011#joint#h1_chr21	485799	1409799	914000	457	0.999998	homologous_same_chrom
chr22_homolog_run0048	chr22	7568000	8466000	chr22	h2	PAN011#joint#h2_chr22	8374437	9272441	890000	445	0.999998	homologous_same_chrom
chrX_homolog_run1503	chrX	90352000	91218000	chrX	h1	PAN011#joint#h1_chrX	90314450	91180450	854000	427	1.000000	homologous_same_chrom
chr21_homolog_run0071	chr21	2618000	3502000	chr21	h1	PAN011#joint#h1_chr21	2619806	3386162	852000	426	0.999685	homologous_same_chrom
chrX_homolog_run1492	chrX	87212000	88088000	chrX	h1	PAN011#joint#h1_chrX	87174448	88050446	836000	418	0.999999	homologous_same_chrom
chr18_homolog_run0225	chr18	14128000	14932000	chr18	h1	PAN011#joint#h1_chr18	14131997	14934775	792000	396	0.997497	homologous_same_chrom
chr21_homolog_run0079	chr21	5032000	5776000	chr21	h1	PAN011#joint#h1_chr21	4916166	5660168	742000	371	0.999997	homologous_same_chrom
chrX_homolog_run1500	chrX	89548000	90264000	chrX	h1	PAN011#joint#h1_chrX	89510449	90226448	698000	349	0.999999	homologous_same_chrom
chr21_homolog_run0089	chr21	10104000	10816000	chr21	h1	PAN011#joint#h1_chr21	9979425	10691424	696000	348	0.999979	homologous_same_chrom
chr21_homolog_run0081	chr21	6348000	7040000	chr21	h2	PAN011#joint#h2_chr21	7233282	7921233	686000	343	0.998998	homologous_same_chrom
chr15_homolog_run0017	chr15	5302000	6000000	chr15	h2	PAN011#joint#h2_chr15	5295325	5993330	670000	335	0.999993	homologous_same_chrom
chr13_homolog_run0005	chr13	702000	1342000	chr13	h2	PAN011#joint#h2_chr13	702294	1342292	640000	320	0.999997	homologous_same_chrom
chr15_homolog_run0028	chr15	11426000	12036000	chr15	h2	PAN011#joint#h2_chr15	11419335	12029334	598000	299	0.999997	homologous_same_chrom
chr15_homolog_run0015	chr15	3684000	4242000	chr15	h2	PAN011#joint#h2_chr15	3677326	4235326	558000	279	1.000000	homologous_same_chrom
chr14_homolog_run0056	chr14	8760000	9282000	chr14	h1	PAN011#joint#h1_chr14	8674114	9196115	518000	259	0.999999	homologous_same_chrom
chr22_homolog_run0029	chr22	4024000	4544000	chr22	h2	PAN011#joint#h2_chr22	4830420	5350424	518000	259	0.999990	homologous_same_chrom
chr22_homolog_run0051	chr22	9428000	9954000	chr22	h2	PAN011#joint#h2_chr22	10234439	10760439	518000	259	1.000000	homologous_same_chrom
chr15_homolog_run0023	chr15	9504000	9998000	chr15	h2	PAN011#joint#h2_chr15	9497335	9991335	494000	247	1.000000	homologous_same_chrom
chr1_homolog_run2453	chr1	129384000	129874000	chr1	h1	PAN011#joint#h1_chr1	128308918	128804391	478000	239	0.994883	homologous_same_chrom
chr22_homolog_run0050	chr22	8928000	9390000	chr22	h2	PAN011#joint#h2_chr22	9734441	10196440	460000	230	0.999997	homologous_same_chrom
chrX_homolog_run0007	chrX	2754000	3280000	chrX	h1	PAN011#joint#h1_chrX	2716248	3242251	438000	219	0.999994	homologous_same_chrom
chr2_homolog_run1936	chr2	133680000	134172000	chr2	h2	PAN011#joint#h2_chr2	133728091	134220095	436000	218	0.999993	homologous_same_chrom
chr13_homolog_run0075	chr13	7130000	7576000	chr13	h1	PAN011#joint#h1_chr13	8315879	8765072	422000	211	0.996615	homologous_same_chrom
chr14_homolog_run0033	chr14	3752000	4166000	chr14	h1	PAN011#joint#h1_chr14	3666089	4080092	410000	205	0.999987	homologous_same_chrom
chr15_homolog_run0018	chr15	6024000	6428000	chr15	h2	PAN011#joint#h2_chr15	6017330	6421333	404000	202	0.999994	homologous_same_chrom
chr14_homolog_run0045	chr14	5258000	5658000	chr14	h1	PAN011#joint#h1_chr14	5172106	5572108	398000	199	0.999997	homologous_same_chrom
chr13_homolog_run0111	chr13	10780000	11186000	chr13	h2	PAN011#joint#h2_chr13	11280711	11686710	396000	198	0.999999	homologous_same_chrom
chr15_homolog_run0060	chr15	17962000	18362000	chr15	h2	PAN011#joint#h2_chr15	17945110	18345116	378000	189	0.999992	homologous_same_chrom
chr14_homolog_run0051	chr14	6362000	6750000	chr14	h1	PAN011#joint#h1_chr14	6292104	6664104	374000	187	1.000000	homologous_same_chrom
chr15_homolog_run0039	chr15	13244000	13628000	chr15	h2	PAN011#joint#h2_chr15	13237333	13621334	374000	187	0.999999	homologous_same_chrom
chr22_homolog_run0055	chr22	12408000	12784000	chr22	h2	PAN011#joint#h2_chr22	13218639	13594647	374000	187	0.999989	homologous_same_chrom
chr1_homolog_run2552	chr1	147376000	147750000	chr1	h2	PAN011#joint#h2_chr1	147332545	147706551	366000	183	0.999992	homologous_same_chrom
chr13_homolog_run0068	chr13	5812000	6180000	chr13	h1	PAN011#joint#h1_chr13	7029458	7397217	366000	183	0.998298	homologous_same_chrom
chr15_homolog_run0016	chr15	4886000	5268000	chr15	h2	PAN011#joint#h2_chr15	4879326	5261325	366000	183	0.998207	homologous_same_chrom
chr14_homolog_run0087	chr14	14424000	14804000	chr14	h1	PAN011#joint#h1_chr14	14342219	14722226	364000	182	0.999989	homologous_same_chrom
chr22_homolog_run0049	chr22	8528000	8888000	chr22	h2	PAN011#joint#h2_chr22	9334441	9694441	358000	179	0.999997	homologous_same_chrom
chr16_homolog_run0747	chr16	73524000	73872000	chr16	h2	PAN011#joint#h2_chr16	73525414	73873420	348000	174	0.999991	homologous_same_chrom
chr15_homolog_run0006	chr15	1064000	1406000	chr15	h2	PAN011#joint#h2_chr15	1057324	1399324	342000	171	0.999974	homologous_same_chrom
chr15_homolog_run0014	chr15	3300000	3642000	chr15	h2	PAN011#joint#h2_chr15	3293326	3635326	342000	171	1.000000	homologous_same_chrom
chr15_homolog_run0035	chr15	12618000	12962000	chr15	h2	PAN011#joint#h2_chr15	12611334	12955334	336000	168	1.000000	homologous_same_chrom
chr21_homolog_run0080	chr21	5936000	6276000	chr21	h2	PAN011#joint#h2_chr21	6896438	7237425	336000	168	0.996143	homologous_same_chrom
chr15_homolog_run0011	chr15	2244000	2578000	chr15	h2	PAN011#joint#h2_chr15	2237325	2571326	334000	167	0.999984	homologous_same_chrom
chrX_homolog_run2722	chrX	153754000	154088000	chrX	h1	PAN011#joint#h1_chrX	153716644	154050639	334000	167	0.999978	homologous_same_chrom
chr1_homolog_run0001	chr1	4000	338000	chr1	h2	PAN011#joint#h2_chr1	39	333997	322000	161	0.999875	homologous_same_chrom
chr2_homolog_run1384	chr2	96698000	97026000	chr2	h2	PAN011#joint#h2_chr2	96745930	97073931	318000	159	0.999998	homologous_same_chrom
chr11_homolog_run1123	chr11	71152000	71478000	chr11	h2	PAN011#joint#h2_chr11	71109863	71435870	312000	156	0.999986	homologous_same_chrom
chr21_homolog_run0075	chr21	4202000	4512000	chr21	h1	PAN011#joint#h1_chr21	4086165	4396165	310000	155	1.000000	homologous_same_chrom
chr4_homolog_run0917	chr4	49338000	49648000	chr4	h2	PAN011#joint#h2_chr4	49127092	49437092	304000	152	1.000000	homologous_same_chrom
chr9_homolog_run2377	chr9	135900000	136204000	chr9	h2	PAN011#joint#h2_chr9	133434041	133738036	300000	150	0.998839	homologous_same_chrom
chr14_homolog_run0048	chr14	6048000	6356000	chr14	h1	PAN011#joint#h1_chr14	5962103	6270104	300000	150	0.999998	homologous_same_chrom
chr7_homolog_run1101	chr7	78286000	78584000	chr7	h2	PAN011#joint#h2_chr7	78534407	78832406	298000	149	0.999998	homologous_same_chrom
chr2_homolog_run1938	chr2	134226000	134524000	chr2	h2	PAN011#joint#h2_chr2	134274096	134572099	280000	140	0.999995	homologous_same_chrom
chr13_homolog_run0002	chr13	208000	486000	chr13	h2	PAN011#joint#h2_chr13	208290	486290	278000	139	1.000000	homologous_same_chrom
chr5_homolog_run0956	chr5	51850000	52156000	chr5	h2	PAN011#joint#h2_chr5	51636529	51942534	276000	138	0.999991	homologous_same_chrom
chr14_homolog_run0060	chr14	9792000	10066000	chr14	h1	PAN011#joint#h1_chr14	9706117	9980118	272000	136	0.999998	homologous_same_chrom
chr2_homolog_run1330	chr2	90022000	90302000	chr2	h2	PAN011#joint#h2_chr2	90071946	90351951	270000	135	0.999981	homologous_same_chrom
chr15_homolog_run0024	chr15	10622000	10892000	chr15	h2	PAN011#joint#h2_chr15	10615335	10885335	270000	135	0.999996	homologous_same_chrom
chr14_homolog_run0034	chr14	4312000	4580000	chr14	h1	PAN011#joint#h1_chr14	4226097	4494102	268000	134	0.999979	homologous_same_chrom
chr21_homolog_run0074	chr21	3728000	4006000	chr21	h1	PAN011#joint#h1_chr21	3612162	3890165	268000	134	0.999991	homologous_same_chrom
chr2_homolog_run1319	chr2	89464000	89722000	chr2	h2	PAN011#joint#h2_chr2	89513936	89771942	258000	129	0.999985	homologous_same_chrom
chr2_homolog_run1676	chr2	115520000	115802000	chr2	h2	PAN011#joint#h2_chr2	115567914	115849916	258000	129	0.999996	homologous_same_chrom
chr14_homolog_run0002	chr14	332000	594000	chr14	h1	PAN011#joint#h1_chr14	336295	598299	256000	128	0.999988	homologous_same_chrom
chr16_homolog_run0403	chr16	33820000	34104000	chr16	h2	PAN011#joint#h2_chr16	33819290	34103294	256000	128	0.999992	homologous_same_chrom
chr22_homolog_run0053	chr22	12150000	12406000	chr22	h2	PAN011#joint#h2_chr22	12960638	13216638	256000	128	0.999984	homologous_same_chrom
chr21_homolog_run0078	chr21	4702000	4960000	chr21	h1	PAN011#joint#h1_chr21	4586166	4844166	254000	127	0.999996	homologous_same_chrom
chr14_homolog_run0058	chr14	9534000	9790000	chr14	h1	PAN011#joint#h1_chr14	9448115	9704117	252000	126	0.999996	homologous_same_chrom
chr22_homolog_run0030	chr22	4626000	4886000	chr22	h2	PAN011#joint#h2_chr22	5432424	5692429	252000	126	0.999986	homologous_same_chrom
chr14_homolog_run0053	chr14	6752000	7006000	chr14	h1	PAN011#joint#h1_chr14	6666104	6920104	248000	124	1.000000	homologous_same_chrom
chr13_homolog_run0072	chr13	6520000	6764000	chr13	h1	PAN011#joint#h1_chr13	7710988	7954934	236000	118	0.997125	homologous_same_chrom
chr11_homolog_run0001	chr11	2000	240000	chr11	h1	PAN011#joint#h1_chr11	992	238985	224000	112	0.999980	homologous_same_chrom
chr2_homolog_run1349	chr2	91520000	91748000	chr2	h2	PAN011#joint#h2_chr2	91569965	91797966	220000	110	0.999993	homologous_same_chrom
chr8_homolog_run0102	chr8	7622000	7864000	chr8	h2	PAN011#joint#h2_chr8	7644567	7886568	220000	110	0.999998	homologous_same_chrom
chr4_homolog_run3284	chr4	189744000	189974000	chr4	h2	PAN011#joint#h2_chr4	190883524	191113523	218000	109	0.999998	homologous_same_chrom
chr20_homolog_run0604	chr20	31512000	31764000	chr20	h1	PAN011#joint#h1_chr20	31502932	31754934	218000	109	0.999995	homologous_same_chrom
chr14_homolog_run0057	chr14	9300000	9522000	chr14	h1	PAN011#joint#h1_chr14	9214115	9436115	216000	108	1.000000	homologous_same_chrom
chr20_homolog_run0602	chr20	30956000	31186000	chr20	h1	PAN011#joint#h1_chr20	30946929	31176930	216000	108	0.999998	homologous_same_chrom
chr7_homolog_run1436	chr7	99362000	99588000	chr7	h2	PAN011#joint#h2_chr7	99610598	99836599	206000	103	1.000000	homologous_same_chrom
chr16_homolog_run0389	chr16	33058000	33294000	chr16	h2	PAN011#joint#h2_chr16	33057281	33293282	206000	103	0.999998	homologous_same_chrom
chr9_homolog_run0589	chr9	33620000	33834000	chr9	h2	PAN011#joint#h2_chr9	33622915	33836889	204000	102	0.998058	homologous_same_chrom
chr20_homolog_run0573	chr20	30042000	30246000	chr20	h1	PAN011#joint#h1_chr20	30032918	30236918	204000	102	0.999995	homologous_same_chrom
chr15_homolog_run0021	chr15	6716000	6916000	chr15	h2	PAN011#joint#h2_chr15	6709334	6909335	198000	99	0.999982	homologous_same_chrom
chr1_homolog_run2444	chr1	121306000	121520000	chr1	h1	PAN011#joint#h1_chr1	121690967	121904945	194000	97	0.999127	homologous_same_chrom
chr13_homolog_run0004	chr13	488000	686000	chr13	h2	PAN011#joint#h2_chr13	488291	686294	192000	96	0.999992	homologous_same_chrom
chr6_homolog_run0001	chr6	0	198000	chr6	h2	PAN011#joint#h2_chr6	2	197960	188000	94	0.999785	homologous_same_chrom
chr16_homolog_run0922	chr16	90312000	90502000	chr16	h2	PAN011#joint#h2_chr16	90313665	90503668	188000	94	0.999492	homologous_same_chrom
chr11_homolog_run1258	chr11	80126000	80312000	chr11	h2	PAN011#joint#h2_chr11	80083992	80269994	182000	91	0.999995	homologous_same_chrom
chr13_homolog_run0120	chr13	11644000	11838000	chr13	h2	PAN011#joint#h2_chr13	12144720	12338721	180000	90	0.999992	homologous_same_chrom
chr16_homolog_run0368	chr16	32588000	32790000	chr16	h2	PAN011#joint#h2_chr16	32587273	32789274	180000	90	0.999997	homologous_same_chrom
chrX_homolog_run0053	chrX	5846000	6102000	chrX	h1	PAN011#joint#h1_chrX	5808270	6064269	180000	90	0.999997	homologous_same_chrom
chr6_homolog_run0872	chr6	57670000	57850000	chr6	h2	PAN011#joint#h2_chr6	57670883	57850886	176000	88	0.999991	homologous_same_chrom
chr21_homolog_run0076	chr21	4524000	4700000	chr21	h1	PAN011#joint#h1_chr21	4408165	4584166	176000	88	0.999997	homologous_same_chrom
chr8_homolog_run0001	chr8	2000	194000	chr8	h1	PAN011#joint#h1_chr8	831	192839	174000	87	0.999971	homologous_same_chrom
chr17_homolog_run0343	chr17	23162000	23336000	chr17	h1	PAN011#joint#h1_chr17	22714603	22888581	172000	86	0.997626	homologous_same_chrom
chr1_homolog_run2488	chr1	143124000	143298000	chr1	h2	PAN011#joint#h2_chr1	143080479	143254487	170000	85	0.999976	homologous_same_chrom
chr15_homolog_run0062	chr15	18364000	18558000	chr15	h2	PAN011#joint#h2_chr15	18347117	18541127	170000	85	0.999971	homologous_same_chrom
chr14_homolog_run0103	chr14	15094000	15262000	chr14	h1	PAN011#joint#h1_chr14	15012234	15180234	168000	84	1.000000	homologous_same_chrom
chr12_homolog_run1337	chr12	63680000	63850000	chr12	h2	PAN011#joint#h2_chr12	63480259	63650122	166000	83	0.996795	homologous_same_chrom
chr16_homolog_run0405	chr16	34114000	34284000	chr16	h2	PAN011#joint#h2_chr16	34113295	34283298	160000	80	0.999991	homologous_same_chrom
chr13_homolog_run0110	chr13	10604000	10766000	chr13	h2	PAN011#joint#h2_chr13	11104710	11266711	158000	79	0.999997	homologous_same_chrom
chr14_homolog_run0003	chr14	716000	874000	chr14	h1	PAN011#joint#h1_chr14	720299	878299	158000	79	0.999557	homologous_same_chrom
chr11_homolog_run0863	chr11	50194000	50360000	chr11	h2	PAN011#joint#h2_chr11	50153368	50319373	156000	78	0.999978	homologous_same_chrom
chr13_homolog_run0096	chr13	8000000	8156000	chr13	h1	PAN011#joint#h1_chr13	9188842	9344924	156000	78	0.998459	homologous_same_chrom
chr18_homolog_run0226	chr18	14958000	15118000	chr18	h1	PAN011#joint#h1_chr18	14960976	15120917	156000	78	0.997460	homologous_same_chrom
chrX_homolog_run0008	chrX	3292000	3498000	chrX	h1	PAN011#joint#h1_chrX	3254262	3460264	156000	78	0.999997	homologous_same_chrom
chr13_homolog_run0066	chr13	5308000	5470000	chr13	h1	PAN011#joint#h1_chr13	6448064	6611081	154000	77	0.994042	homologous_same_chrom
chrX_homolog_run2503	chrX	142116000	142282000	chrX	h1	PAN011#joint#h1_chrX	142078624	142244625	152000	76	0.999997	homologous_same_chrom
chr2_homolog_run1351	chr2	91798000	91958000	chr2	h2	PAN011#joint#h2_chr2	91847966	92007968	150000	75	0.999993	homologous_same_chrom
chr15_homolog_run0067	chr15	18874000	19032000	chr15	h2	PAN011#joint#h2_chr15	18857131	19015134	150000	75	0.999990	homologous_same_chrom
chr7_homolog_run0001	chr7	10000	162000	chr7	h1	PAN011#joint#h1_chr7	1750	153752	148000	74	0.999899	homologous_same_chrom
chr7_homolog_run1912	chr7	130460000	130624000	chr7	h2	PAN011#joint#h2_chr7	130708913	130872918	148000	74	0.999983	homologous_same_chrom
chr15_homolog_run0025	chr15	11084000	11268000	chr15	h2	PAN011#joint#h2_chr15	11077335	11261335	148000	74	1.000000	homologous_same_chrom
chr20_homolog_run0603	chr20	31338000	31498000	chr20	h1	PAN011#joint#h1_chr20	31328930	31488932	146000	73	0.999993	homologous_same_chrom
chr14_homolog_run0004	chr14	898000	1042000	chr14	h1	PAN011#joint#h1_chr14	902299	1046299	144000	72	1.000000	homologous_same_chrom
chr21_homolog_run0049	chr21	2040000	2190000	chr21	h1	PAN011#joint#h1_chr21	2041800	2191800	144000	72	0.999986	homologous_same_chrom
chr14_homolog_run0043	chr14	5114000	5256000	chr14	h1	PAN011#joint#h1_chr14	5028106	5170106	142000	71	1.000000	homologous_same_chrom
chr16_homolog_run0407	chr16	34334000	34490000	chr16	h2	PAN011#joint#h2_chr16	34333298	34489298	140000	70	0.999993	homologous_same_chrom
chr6_homolog_run0002	chr6	258000	404000	chr6	h2	PAN011#joint#h2_chr6	257960	403959	136000	68	0.999989	homologous_same_chrom
chr14_homolog_run0037	chr14	4928000	5068000	chr14	h1	PAN011#joint#h1_chr14	4842102	4982105	136000	68	0.999989	homologous_same_chrom
chr21_homolog_run0048	chr21	1866000	2002000	chr21	h1	PAN011#joint#h1_chr21	1867800	2003800	136000	68	1.000000	homologous_same_chrom
chr10_homolog_run2812	chr10	134322000	134470000	chr10	h2	PAN011#joint#h2_chr10	134951338	135062953	134000	67	0.999817	homologous_same_chrom
chr13_homolog_run1197	chr13	84932000	85078000	chr13	h2	PAN011#joint#h2_chr13	85437196	85583198	134000	67	0.999996	homologous_same_chrom
chr17_homolog_run0787	chr17	62858000	63006000	chr17	h1	PAN011#joint#h1_chr17	63779595	63927640	134000	67	0.998979	homologous_same_chrom
chr20_homolog_run0001	chr20	4000	148000	chr20	h1	PAN011#joint#h1_chr20	0	143851	134000	67	0.998965	homologous_same_chrom
chr22_homolog_run0016	chr22	2730000	2870000	chr22	h1	PAN011#joint#h1_chr22	3447565	3617577	134000	67	0.994382	homologous_same_chrom
chr10_homolog_run0841	chr10	38626000	38758000	chr10	h1	PAN011#joint#h1_chr10	38620988	38752987	132000	66	0.999996	homologous_same_chrom
chr4_homolog_run2333	chr4	131880000	132010000	chr4	h2	PAN011#joint#h2_chr4	133015650	133145648	130000	65	0.999992	homologous_same_chrom
chr13_homolog_run0114	chr13	11252000	11408000	chr13	h2	PAN011#joint#h2_chr13	11752712	11908714	130000	65	0.999992	homologous_same_chrom
chr1_homolog_run2474	chr1	142596000	142726000	chr1	h2	PAN011#joint#h2_chr1	142552469	142682471	128000	64	0.999984	homologous_same_chrom
chr4_homolog_run0229	chr4	9400000	9528000	chr4	h1	PAN011#joint#h1_chr4	9396509	9524512	128000	64	0.999988	homologous_same_chrom
chr9_homolog_run0846	chr9	48468000	48604000	chr9	h2	PAN011#joint#h2_chr9	45724307	45860318	128000	64	0.998996	homologous_same_chrom
chr14_homolog_run0009	chr14	2334000	2462000	chr14	h1	PAN011#joint#h1_chr14	2338230	2466230	128000	64	1.000000	homologous_same_chrom
chr14_homolog_run0109	chr14	15336000	15464000	chr14	h1	PAN011#joint#h1_chr14	15254235	15382239	128000	64	0.999984	homologous_same_chrom
chr11_homolog_run1090	chr11	67312000	67482000	chr11	h2	PAN011#joint#h2_chr11	67269823	67439826	126000	63	0.999996	homologous_same_chrom
chrX_homolog_run0068	chrX	6590000	6740000	chrX	h1	PAN011#joint#h1_chrX	6552269	6702269	126000	63	1.000000	homologous_same_chrom
chrX_homolog_run1496	chrX	89206000	89336000	chrX	h1	PAN011#joint#h1_chrX	89168448	89298448	126000	63	1.000000	homologous_same_chrom
chr5_homolog_run3093	chr5	181960000	182102000	chr5	h1	PAN011#joint#h1_chr5	184910792	185055597	124000	62	0.994854	homologous_same_chrom
chr7_homolog_run0891	chr7	57824000	57954000	chr7	h2	PAN011#joint#h2_chr7	58073106	58203106	124000	62	1.000000	homologous_same_chrom
chr15_homolog_run0048	chr15	17710000	17836000	chr15	h2	PAN011#joint#h2_chr15	17693108	17819109	124000	62	0.999996	homologous_same_chrom
chr14_homolog_run0113	chr14	15472000	15594000	chr14	h1	PAN011#joint#h1_chr14	15390239	15512239	122000	61	1.000000	homologous_same_chrom
chr15_homolog_run0047	chr15	15280000	15402000	chr15	h2	PAN011#joint#h2_chr15	15263091	15385091	122000	61	1.000000	homologous_same_chrom
chr19_homolog_run0007	chr19	34000	156000	chr19	h1	PAN011#joint#h1_chr19	31082	153084	122000	61	0.999590	homologous_same_chrom
chrX_homolog_run0093	chrX	8044000	8204000	chrX	h1	PAN011#joint#h1_chrX	8006272	8166272	122000	61	1.000000	homologous_same_chrom
chr22_homolog_run0034	chr22	5850000	5974000	chr22	h2	PAN011#joint#h2_chr22	6656434	6780434	120000	60	1.000000	homologous_same_chrom
chr20_homolog_run0609	chr20	31872000	31990000	chr20	h1	PAN011#joint#h1_chr20	31862935	31980936	118000	59	0.999996	homologous_same_chrom
chr21_homolog_run0047	chr21	1482000	1600000	chr21	h1	PAN011#joint#h1_chr21	1483800	1601800	118000	59	1.000000	homologous_same_chrom
chr22_homolog_run0033	chr22	5674000	5806000	chr22	h2	PAN011#joint#h2_chr22	6480430	6612432	118000	59	0.999992	homologous_same_chrom
chrX_homolog_run1240	chrX	75290000	75468000	chrX	h1	PAN011#joint#h1_chrX	75252450	75430450	118000	59	1.000000	homologous_same_chrom
chr2_homolog_run1292	chr2	87872000	87994000	chr2	h2	PAN011#joint#h2_chr2	87921883	88043885	116000	58	0.999991	homologous_same_chrom
chr9_homolog_run0233	chr9	14964000	15088000	chr9	h2	PAN011#joint#h2_chr9	14958353	15082273	116000	58	0.997324	homologous_same_chrom
chr9_homolog_run0932	chr9	62916000	63040000	chr9	h1	PAN011#joint#h1_chr9	62867791	62991794	116000	58	0.999987	homologous_same_chrom
chr6_homolog_run2757	chr6	171892000	172008000	chr6	h1	PAN011#joint#h1_chr6	171314798	171430799	114000	57	0.999969	homologous_same_chrom
chr13_homolog_run0379	chr13	33104000	33238000	chr13	h2	PAN011#joint#h2_chr13	33608888	33742890	114000	57	0.999991	homologous_same_chrom
chr16_homolog_run0400	chr16	33648000	33770000	chr16	h2	PAN011#joint#h2_chr16	33647287	33769289	114000	57	0.999991	homologous_same_chrom
chrX_homolog_run0923	chrX	55712000	55882000	chrX	h1	PAN011#joint#h1_chrX	55674447	55844447	114000	57	1.000000	homologous_same_chrom
chr11_homolog_run0041	chr11	3522000	3636000	chr11	h1	PAN011#joint#h1_chr11	3521093	3635095	112000	56	0.999991	homologous_same_chrom
chr13_homolog_run0074	chr13	6960000	7072000	chr13	h1	PAN011#joint#h1_chr13	8201941	8313755	112000	56	0.996186	homologous_same_chrom
chr22_homolog_run0035	chr22	5996000	6114000	chr22	h2	PAN011#joint#h2_chr22	6802549	6920434	112000	56	0.997686	homologous_same_chrom
chr3_homolog_run2961	chr3	134208000	134326000	chr3	h1	PAN011#joint#h1_chr3	134208762	134326765	110000	55	0.999986	homologous_same_chrom
chr9_homolog_run0007	chr9	80000	190000	chr9	h2	PAN011#joint#h2_chr9	77741	187672	110000	55	0.995529	homologous_same_chrom
chr11_homolog_run0834	chr11	48688000	48888000	chr11	h2	PAN011#joint#h2_chr11	48647363	48847363	110000	55	1.000000	homologous_same_chrom
chr22_homolog_run0043	chr22	6922000	7032000	chr22	h2	PAN011#joint#h2_chr22	7728435	7838437	110000	55	0.999991	homologous_same_chrom
chr15_homolog_run0009	chr15	2132000	2240000	chr15	h2	PAN011#joint#h2_chr15	2125324	2233325	108000	54	0.999884	homologous_same_chrom
chr1_homolog_run2459	chr1	141830000	141936000	chr1	h2	PAN011#joint#h2_chr1	141786454	141892458	106000	53	0.999981	homologous_same_chrom
chr1_homolog_run4308	chr1	241066000	241172000	chr1	h1	PAN011#joint#h1_chr1	240545035	240651036	106000	53	0.999995	homologous_same_chrom
chr14_homolog_run0013	chr14	2480000	2586000	chr14	h1	PAN011#joint#h1_chr14	2484230	2590233	106000	53	0.999986	homologous_same_chrom
chr16_homolog_run0361	chr16	32178000	32308000	chr16	h2	PAN011#joint#h2_chr16	32177269	32307269	106000	53	1.000000	homologous_same_chrom
chr22_homolog_run0020	chr22	3182000	3292000	chr22	h1	PAN011#joint#h1_chr22	4238261	4350716	106000	53	0.984545	homologous_same_chrom
chr11_homolog_run1092	chr11	67526000	67634000	chr11	h2	PAN011#joint#h2_chr11	67483827	67591825	104000	52	0.999990	homologous_same_chrom
chr13_homolog_run0073	chr13	6782000	6912000	chr13	h1	PAN011#joint#h1_chr13	7972600	8102681	104000	52	0.987893	homologous_same_chrom
chr17_homolog_run0378	chr17	30646000	30760000	chr17	h1	PAN011#joint#h1_chr17	30838990	30954889	104000	52	0.998370	homologous_same_chrom
chr13_homolog_run0069	chr13	6238000	6348000	chr13	h1	PAN011#joint#h1_chr13	7398649	7502156	102000	51	0.995797	homologous_same_chrom
chr4_homolog_run0115	chr4	4084000	4200000	chr4	h1	PAN011#joint#h1_chr4	4080514	4196514	100000	50	0.999990	homologous_same_chrom
chr13_homolog_run0097	chr13	8184000	8296000	chr13	h1	PAN011#joint#h1_chr13	9373517	9486084	100000	50	0.997815	homologous_same_chrom
chr15_homolog_run0065	chr15	18644000	18754000	chr15	h2	PAN011#joint#h2_chr15	18627128	18737130	100000	50	0.999990	homologous_same_chrom
chr22_homolog_run0129	chr22	20870000	20978000	chr22	h2	PAN011#joint#h2_chr22	21680776	21788778	100000	50	0.999995	homologous_same_chrom
chr4_homolog_run3287	chr4	190196000	190310000	chr4	h2	PAN011#joint#h2_chr4	191335518	191449519	98000	49	0.999995	homologous_same_chrom
chr6_homolog_run0086	chr6	5818000	5930000	chr6	h2	PAN011#joint#h2_chr6	5818196	5930196	96000	48	1.000000	homologous_same_chrom
chr14_homolog_run0089	chr14	14812000	14908000	chr14	h1	PAN011#joint#h1_chr14	14730226	14826228	96000	48	0.999990	homologous_same_chrom
chr4_homolog_run0910	chr4	49126000	49220000	chr4	h2	PAN011#joint#h2_chr4	48915093	49009094	94000	47	0.999995	homologous_same_chrom
chr4_homolog_run2084	chr4	118384000	118502000	chr4	h2	PAN011#joint#h2_chr4	119519553	119637552	94000	47	0.999984	homologous_same_chrom
chr15_homolog_run0074	chr15	19342000	19440000	chr15	h2	PAN011#joint#h2_chr15	19325141	19423146	94000	47	0.999973	homologous_same_chrom
chr15_homolog_run1260	chr15	98718000	98812000	chr15	h1	PAN011#joint#h1_chr15	96265349	96359349	94000	47	0.999957	homologous_same_chrom
chr7_homolog_run0888	chr7	57642000	57736000	chr7	h2	PAN011#joint#h2_chr7	57891103	57985104	92000	46	0.999995	homologous_same_chrom
chr13_homolog_run0001	chr13	12000	104000	chr13	h2	PAN011#joint#h2_chr13	12290	104290	92000	46	1.000000	homologous_same_chrom
chr15_homolog_run0162	chr15	25482000	25580000	chr15	h2	PAN011#joint#h2_chr15	25465248	25563252	92000	46	0.999978	homologous_same_chrom
chr3_homolog_run4594	chr3	202228000	202326000	chr3	h1	PAN011#joint#h1_chr3	202229348	202327350	90000	45	0.999989	homologous_same_chrom
chr7_homolog_run2104	chr7	144664000	144754000	chr7	h2	PAN011#joint#h2_chr7	144913084	145003085	90000	45	0.999994	homologous_same_chrom
chr22_homolog_run0036	chr22	6280000	6370000	chr22	h2	PAN011#joint#h2_chr22	7086434	7176434	90000	45	1.000000	homologous_same_chrom
chr22_homolog_run0041	chr22	6720000	6816000	chr22	h2	PAN011#joint#h2_chr22	7526434	7622434	90000	45	1.000000	homologous_same_chrom
chr1_homolog_run1571	chr1	83632000	83720000	chr1	h1	PAN011#joint#h1_chr1	83652064	83740064	88000	44	1.000000	homologous_same_chrom
chr4_homolog_run0231	chr4	9594000	9702000	chr4	h1	PAN011#joint#h1_chr4	9590513	9698515	88000	44	0.999989	homologous_same_chrom
chr7_homolog_run0528	chr7	35214000	35306000	chr7	h2	PAN011#joint#h2_chr7	35286535	35378536	88000	44	0.999983	homologous_same_chrom
chr7_homolog_run0947	chr7	66914000	67018000	chr7	h2	PAN011#joint#h2_chr7	67162122	67266123	88000	44	0.999994	homologous_same_chrom
chr20_homolog_run0551	chr20	25870000	25982000	chr20	h1	PAN011#joint#h1_chr20	25866015	25978018	88000	44	0.999983	homologous_same_chrom
chr20_homolog_run0577	chr20	30322000	30436000	chr20	h1	PAN011#joint#h1_chr20	30312918	30426918	88000	44	1.000000	homologous_same_chrom
chr20_homolog_run0614	chr20	32252000	32352000	chr20	h1	PAN011#joint#h1_chr20	32242938	32342938	88000	44	1.000000	homologous_same_chrom
chr3_homolog_run1661	chr3	75596000	75686000	chr3	h1	PAN011#joint#h1_chr3	75593457	75683458	86000	43	0.999994	homologous_same_chrom
chr16_homolog_run0367	chr16	32490000	32576000	chr16	h2	PAN011#joint#h2_chr16	32489272	32575273	86000	43	0.999994	homologous_same_chrom
chr2_homolog_run0177	chr2	13394000	13486000	chr2	h2	PAN011#joint#h2_chr2	13406461	13498464	84000	42	0.998776	homologous_same_chrom
chr2_homolog_run1915	chr2	132110000	132206000	chr2	h2	PAN011#joint#h2_chr2	132158069	132254070	84000	42	0.999994	homologous_same_chrom
chr8_homolog_run0152	chr8	11812000	11918000	chr8	h2	PAN011#joint#h2_chr8	11834613	11940614	84000	42	0.999994	homologous_same_chrom
chr9_homolog_run1676	chr9	94886000	94982000	chr9	h1	PAN011#joint#h1_chr9	94838161	94934164	84000	42	0.999988	homologous_same_chrom
chr13_homolog_run0144	chr13	13456000	13552000	chr13	h2	PAN011#joint#h2_chr13	13956758	14052760	84000	42	0.999994	homologous_same_chrom
chr2_homolog_run1929	chr2	133318000	133416000	chr2	h2	PAN011#joint#h2_chr2	133366087	133464088	82000	41	0.999994	homologous_same_chrom
chr4_homolog_run3289	chr4	190312000	190394000	chr4	h2	PAN011#joint#h2_chr4	191451519	191533519	82000	41	0.999963	homologous_same_chrom
chr6_homolog_run0871	chr6	57562000	57654000	chr6	h2	PAN011#joint#h2_chr6	57562882	57654883	82000	41	0.999994	homologous_same_chrom
chr9_homolog_run1006	chr9	65890000	65986000	chr9	h1	PAN011#joint#h1_chr9	65841822	65937823	82000	41	0.999994	homologous_same_chrom
chr13_homolog_run0016	chr13	2634000	2716000	chr13	h1	PAN011#joint#h1_chr13	3364205	3446262	82000	41	0.987999	homologous_same_chrom
chr14_homolog_run0055	chr14	8658000	8748000	chr14	h1	PAN011#joint#h1_chr14	8572223	8662114	82000	41	0.992061	homologous_same_chrom
chr2_homolog_run1932	chr2	133444000	133532000	chr2	h2	PAN011#joint#h2_chr2	133492089	133580089	80000	40	1.000000	homologous_same_chrom
chr6_homolog_run0395	chr6	26950000	27030000	chr6	h2	PAN011#joint#h2_chr6	26950504	27030505	80000	40	0.999994	homologous_same_chrom
chr7_homolog_run0096	chr7	7044000	7132000	chr7	h1	PAN011#joint#h1_chr7	7035799	7123801	80000	40	0.999988	homologous_same_chrom
chr7_homolog_run1502	chr7	105184000	105266000	chr7	h2	PAN011#joint#h2_chr7	105432698	105514699	80000	40	0.999994	homologous_same_chrom
chr13_homolog_run0580	chr13	44810000	44920000	chr13	h2	PAN011#joint#h2_chr13	45314993	45424994	80000	40	0.999994	homologous_same_chrom
chr13_homolog_run0010	chr13	2066000	2158000	chr13	h1	PAN011#joint#h1_chr13	2760671	2892101	78000	39	0.996957	homologous_same_chrom
chr13_homolog_run0577	chr13	44568000	44656000	chr13	h2	PAN011#joint#h2_chr13	45072991	45160992	78000	39	0.999994	homologous_same_chrom
chr15_homolog_run0038	chr15	13134000	13224000	chr15	h2	PAN011#joint#h2_chr15	13127334	13217333	78000	39	0.999994	homologous_same_chrom
chr19_homolog_run0341	chr19	31696000	31776000	chr19	h2	PAN011#joint#h2_chr19	31690969	31770969	78000	39	1.000000	homologous_same_chrom
chr22_homolog_run0025	chr22	3718000	3798000	chr22	h2	PAN011#joint#h2_chr22	4697199	4800728	78000	39	0.999385	homologous_same_chrom
chr22_homolog_run0156	chr22	22760000	22838000	chr22	h2	PAN011#joint#h2_chr22	23570814	23648817	78000	39	0.999981	homologous_same_chrom
chr6_homolog_run1373	chr6	86970000	87064000	chr6	h2	PAN011#joint#h2_chr6	86967997	87061997	76000	38	1.000000	homologous_same_chrom
chr16_homolog_run0387	chr16	32970000	33056000	chr16	h2	PAN011#joint#h2_chr16	32969280	33055280	76000	38	1.000000	homologous_same_chrom
chr21_homolog_run0067	chr21	2398000	2490000	chr21	h1	PAN011#joint#h1_chr21	2399800	2491800	76000	38	1.000000	homologous_same_chrom
chrX_homolog_run0069	chrX	6760000	6864000	chrX	h1	PAN011#joint#h1_chrX	6722269	6826269	76000	38	1.000000	homologous_same_chrom
chr5_homolog_run0951	chr5	51136000	51220000	chr5	h2	PAN011#joint#h2_chr5	50922529	51006529	74000	37	1.000000	homologous_same_chrom
chr7_homolog_run0901	chr7	64350000	64438000	chr7	h2	PAN011#joint#h2_chr7	64598086	64686086	74000	37	1.000000	homologous_same_chrom
chr7_homolog_run0909	chr7	64858000	64944000	chr7	h2	PAN011#joint#h2_chr7	65106087	65192087	74000	37	1.000000	homologous_same_chrom
chr14_homolog_run0097	chr14	14992000	15066000	chr14	h1	PAN011#joint#h1_chr14	14910232	14984234	74000	37	0.999986	homologous_same_chrom
chr14_homolog_run1792	chr14	102180000	102254000	chr14	h1	PAN011#joint#h1_chr14	102069278	102143278	74000	37	1.000000	homologous_same_chrom
chr20_homolog_run0924	chr20	52422000	52496000	chr20	h1	PAN011#joint#h1_chr20	52413249	52487249	74000	37	1.000000	homologous_same_chrom
chr21_homolog_run0004	chr21	238000	312000	chr21	h1	PAN011#joint#h1_chr21	239798	313798	74000	37	1.000000	homologous_same_chrom
chr22_homolog_run0459	chr22	48306000	48380000	chr22	h2	PAN011#joint#h2_chr22	49117216	49191171	74000	37	0.999339	homologous_same_chrom
chr2_homolog_run1923	chr2	132756000	132868000	chr2	h2	PAN011#joint#h2_chr2	132804081	132916083	72000	36	0.999993	homologous_same_chrom
chr11_homolog_run1220	chr11	77456000	77530000	chr11	h2	PAN011#joint#h2_chr11	77413955	77487956	72000	36	0.999993	homologous_same_chrom
chr16_homolog_run0503	chr16	53400000	53498000	chr16	h2	PAN011#joint#h2_chr16	53401106	53499110	72000	36	0.999979	homologous_same_chrom
chr2_homolog_run1382	chr2	96544000	96614000	chr2	h2	PAN011#joint#h2_chr2	96591929	96661930	70000	35	0.999993	homologous_same_chrom
chr2_homolog_run1401	chr2	97634000	97712000	chr2	h2	PAN011#joint#h2_chr2	97681936	97759936	70000	35	1.000000	homologous_same_chrom
chr7_homolog_run2105	chr7	144772000	144842000	chr7	h2	PAN011#joint#h2_chr7	145021085	145091085	70000	35	1.000000	homologous_same_chrom
chr15_homolog_run0259	chr15	31190000	31262000	chr15	h2	PAN011#joint#h2_chr15	31173337	31245336	70000	35	0.999993	homologous_same_chrom
chr21_homolog_run0002	chr21	10000	80000	chr21	h1	PAN011#joint#h1_chr21	11796	81798	70000	35	0.999986	homologous_same_chrom
chrX_homolog_run0017	chrX	3936000	4040000	chrX	h1	PAN011#joint#h1_chrX	3898265	4002265	70000	35	1.000000	homologous_same_chrom
chrX_homolog_run1225	chrX	74564000	74660000	chrX	h1	PAN011#joint#h1_chrX	74526450	74622450	70000	35	1.000000	homologous_same_chrom
chr1_homolog_run2369	chr1	116852000	116926000	chr1	h1	PAN011#joint#h1_chr1	116876567	116950567	68000	34	0.998882	homologous_same_chrom
chr3_homolog_run2880	chr3	129984000	130076000	chr3	h1	PAN011#joint#h1_chr3	129984721	130076722	68000	34	0.999993	homologous_same_chrom
chr3_homolog_run4608	chr3	202396000	202464000	chr3	h1	PAN011#joint#h1_chr3	202397350	202465350	68000	34	1.000000	homologous_same_chrom
chr4_homolog_run0105	chr4	3886000	3956000	chr4	h1	PAN011#joint#h1_chr4	3882506	3952507	68000	34	0.999993	homologous_same_chrom
chr4_homolog_run0107	chr4	3958000	4028000	chr4	h1	PAN011#joint#h1_chr4	3954507	4024511	68000	34	0.999971	homologous_same_chrom
chr4_homolog_run2332	chr4	131642000	131716000	chr4	h2	PAN011#joint#h2_chr4	132777650	132851650	68000	34	0.999985	homologous_same_chrom
chr7_homolog_run0887	chr7	57506000	57590000	chr7	h2	PAN011#joint#h2_chr7	57755099	57839099	68000	34	1.000000	homologous_same_chrom
chr9_homolog_run1002	chr9	65644000	65748000	chr9	h1	PAN011#joint#h1_chr9	65595821	65699821	68000	34	1.000000	homologous_same_chrom
chr11_homolog_run2109	chr11	134570000	134648000	chr11	h1	PAN011#joint#h1_chr11	134131154	134209154	68000	34	1.000000	homologous_same_chrom
chr15_homolog_run0026	chr15	11312000	11382000	chr15	h2	PAN011#joint#h2_chr15	11305335	11375335	68000	34	1.000000	homologous_same_chrom
chr22_homolog_run0044	chr22	7058000	7130000	chr22	h2	PAN011#joint#h2_chr22	7864437	7936437	68000	34	1.000000	homologous_same_chrom
chrX_homolog_run1212	chrX	73834000	73950000	chrX	h1	PAN011#joint#h1_chrX	73796449	73912449	68000	34	1.000000	homologous_same_chrom
chr8_homolog_run0094	chr8	7000000	7076000	chr8	h2	PAN011#joint#h2_chr8	7022553	7098554	66000	33	0.999992	homologous_same_chrom
chr14_homolog_run0063	chr14	14178000	14244000	chr14	h1	PAN011#joint#h1_chr14	14096214	14162216	66000	33	0.999985	homologous_same_chrom
chr17_homolog_run0384	chr17	31198000	31292000	chr17	h1	PAN011#joint#h1_chr17	31393028	31487028	66000	33	0.999621	homologous_same_chrom
chr19_homolog_run0103	chr19	9864000	9984000	chr19	h2	PAN011#joint#h2_chr19	9859244	9979245	66000	33	1.000000	homologous_same_chrom
chrX_homolog_run0001	chrX	18000	112000	chrX	h1	PAN011#joint#h1_chrX	10886	94517	66000	33	0.990226	homologous_same_chrom
chr1_homolog_run4341	chr1	241704000	241768000	chr1	h1	PAN011#joint#h1_chr1	241183040	241247043	64000	32	0.999961	homologous_same_chrom
chr3_homolog_run1657	chr3	75432000	75514000	chr3	h1	PAN011#joint#h1_chr3	75429453	75511456	64000	32	0.999992	homologous_same_chrom
chr3_homolog_run1677	chr3	75896000	75976000	chr3	h1	PAN011#joint#h1_chr3	75893462	75973462	64000	32	1.000000	homologous_same_chrom
chr7_homolog_run0092	chr7	6968000	7036000	chr7	h1	PAN011#joint#h1_chr7	6959797	7027799	64000	32	0.999984	homologous_same_chrom
chr9_homolog_run0956	chr9	63602000	63670000	chr9	h1	PAN011#joint#h1_chr9	63553799	63621801	64000	32	0.999984	homologous_same_chrom
chr13_homolog_run0145	chr13	13580000	13650000	chr13	h2	PAN011#joint#h2_chr13	14080762	14150762	64000	32	1.000000	homologous_same_chrom
chr13_homolog_run1188	chr13	84158000	84224000	chr13	h2	PAN011#joint#h2_chr13	84663189	84729191	64000	32	0.999984	homologous_same_chrom
chr14_homolog_run1796	chr14	102264000	102344000	chr14	h1	PAN011#joint#h1_chr14	102153278	102233277	64000	32	0.999992	homologous_same_chrom
chr14_homolog_run1814	chr14	102830000	102942000	chr14	h1	PAN011#joint#h1_chr14	102719281	102831281	64000	32	1.000000	homologous_same_chrom
chr16_homolog_run0044	chr16	5124000	5206000	chr16	h2	PAN011#joint#h2_chr16	5123220	5205221	64000	32	0.999992	homologous_same_chrom
chr21_homolog_run0083	chr21	7574000	7638000	chr21	h1	PAN011#joint#h1_chr21	3727341	3791400	64000	32	0.983485	homologous_same_chrom
chrX_homolog_run1214	chrX	74036000	74140000	chrX	h1	PAN011#joint#h1_chrX	73998449	74102450	64000	32	1.000000	homologous_same_chrom
chr2_homolog_run1413	chr2	98080000	98160000	chr2	h2	PAN011#joint#h2_chr2	98127936	98207936	62000	31	1.000000	homologous_same_chrom
chr2_homolog_run2025	chr2	140028000	140112000	chr2	h2	PAN011#joint#h2_chr2	140076151	140160152	62000	31	0.999992	homologous_same_chrom
chr14_homolog_run0117	chr14	15650000	15712000	chr14	h1	PAN011#joint#h1_chr14	15568239	15630239	62000	31	1.000000	homologous_same_chrom
chr14_homolog_run1797	chr14	102356000	102450000	chr14	h1	PAN011#joint#h1_chr14	102245277	102339278	62000	31	0.999992	homologous_same_chrom
chr17_homolog_run0330	chr17	21648000	21734000	chr17	h1	PAN011#joint#h1_chr17	21563248	21648247	62000	31	0.998718	homologous_same_chrom
chr19_homolog_run0305	chr19	22712000	22838000	chr19	h2	PAN011#joint#h2_chr19	22707605	22833604	62000	31	1.000000	homologous_same_chrom
chr22_homolog_run0007	chr22	626000	694000	chr22	h1	PAN011#joint#h1_chr22	988612	1061984	62000	31	0.994839	homologous_same_chrom
chrX_homolog_run1312	chrX	78936000	79030000	chrX	h1	PAN011#joint#h1_chrX	78898455	78992454	62000	31	0.999992	homologous_same_chrom
chr4_homolog_run2997	chr4	169974000	170044000	chr4	h2	PAN011#joint#h2_chr4	171109577	171179579	60000	30	0.999983	homologous_same_chrom
chr5_homolog_run3019	chr5	176706000	176778000	chr5	h2	PAN011#joint#h2_chr5	176493832	176565836	60000	30	0.999967	homologous_same_chrom
chr8_homolog_run0101	chr8	7540000	7606000	chr8	h2	PAN011#joint#h2_chr8	7562565	7628567	60000	30	0.999983	homologous_same_chrom
chr11_homolog_run0859	chr11	50096000	50174000	chr11	h2	PAN011#joint#h2_chr11	50055368	50133368	60000	30	1.000000	homologous_same_chrom
chr11_homolog_run1509	chr11	93754000	93842000	chr11	h2	PAN011#joint#h2_chr11	93712107	93800107	60000	30	1.000000	homologous_same_chrom
chr13_homolog_run1190	chr13	84256000	84354000	chr13	h2	PAN011#joint#h2_chr13	84761191	84859193	60000	30	0.999992	homologous_same_chrom
chr20_homolog_run0619	chr20	32592000	32660000	chr20	h1	PAN011#joint#h1_chr20	32582937	32650937	60000	30	1.000000	homologous_same_chrom
chr21_homolog_run0493	chr21	29728000	29788000	chr21	h1	PAN011#joint#h1_chr21	29603575	29663576	60000	30	0.999992	homologous_same_chrom
chr22_homolog_run0046	chr22	7424000	7484000	chr22	h2	PAN011#joint#h2_chr22	8230437	8290437	60000	30	1.000000	homologous_same_chrom
chr3_homolog_run2957	chr3	134138000	134200000	chr3	h1	PAN011#joint#h1_chr3	134138761	134200762	58000	29	0.999991	homologous_same_chrom
chr5_homolog_run0042	chr5	1676000	1758000	chr5	h1	PAN011#joint#h1_chr5	1672216	1754219	58000	29	0.999974	homologous_same_chrom
chr7_homolog_run0900	chr7	64250000	64336000	chr7	h2	PAN011#joint#h2_chr7	64498086	64584086	58000	29	1.000000	homologous_same_chrom
chr8_homolog_run0006	chr8	322000	392000	chr8	h1	PAN011#joint#h1_chr8	320838	390839	58000	29	0.999991	homologous_same_chrom
chr8_homolog_run0146	chr8	11624000	11682000	chr8	h2	PAN011#joint#h2_chr8	11646599	11704602	58000	29	0.999974	homologous_same_chrom
chr11_homolog_run0865	chr11	50362000	50422000	chr11	h2	PAN011#joint#h2_chr11	50321437	50381373	58000	29	0.999439	homologous_same_chrom
chr14_homolog_run0344	chr14	23734000	23804000	chr14	h1	PAN011#joint#h1_chr14	23652346	23722346	58000	29	1.000000	homologous_same_chrom
chr20_homolog_run0592	chr20	30586000	30654000	chr20	h1	PAN011#joint#h1_chr20	30576920	30644921	58000	29	0.999991	homologous_same_chrom
chr21_homolog_run0050	chr21	2208000	2266000	chr21	h1	PAN011#joint#h1_chr21	2209800	2267800	58000	29	1.000000	homologous_same_chrom
chrX_homolog_run0077	chrX	7244000	7320000	chrX	h1	PAN011#joint#h1_chrX	7206270	7282270	58000	29	1.000000	homologous_same_chrom
chr5_homolog_run0737	chr5	34854000	34926000	chr5	h2	PAN011#joint#h2_chr5	34640436	34712437	56000	28	0.999991	homologous_same_chrom
chr9_homolog_run0587	chr9	33502000	33574000	chr9	h2	PAN011#joint#h2_chr9	33505762	33577784	56000	28	0.998711	homologous_same_chrom
chr9_homolog_run0682	chr9	39888000	39950000	chr9	h2	PAN011#joint#h2_chr9	39900083	39962086	56000	28	0.999545	homologous_same_chrom
chr9_homolog_run1595	chr9	91316000	91382000	chr9	h1	PAN011#joint#h1_chr9	91268114	91334116	56000	28	0.999982	homologous_same_chrom
chr13_homolog_run1191	chr13	84442000	84518000	chr13	h2	PAN011#joint#h2_chr13	84947193	85023193	56000	28	1.000000	homologous_same_chrom
chr15_homolog_run0261	chr15	31334000	31390000	chr15	h2	PAN011#joint#h2_chr15	31317337	31373337	56000	28	1.000000	homologous_same_chrom
chr17_homolog_run0484	chr17	38682000	38748000	chr17	h1	PAN011#joint#h1_chr17	39340655	39406671	56000	28	0.998062	homologous_same_chrom
chr18_homolog_run0003	chr18	50000	110000	chr18	h1	PAN011#joint#h1_chr18	48177	108178	56000	28	0.999991	homologous_same_chrom
chrX_homolog_run0954	chrX	57226000	57306000	chrX	h1	PAN011#joint#h1_chrX	57188446	57268446	56000	28	1.000000	homologous_same_chrom
chrX_homolog_run1350	chrX	80766000	80856000	chrX	h1	PAN011#joint#h1_chrX	80728456	80818455	56000	28	0.999991	homologous_same_chrom
chr2_homolog_run0541	chr2	37736000	37790000	chr2	h2	PAN011#joint#h2_chr2	37784474	37838461	54000	27	0.999101	homologous_same_chrom
chr2_homolog_run1427	chr2	99280000	99346000	chr2	h2	PAN011#joint#h2_chr2	99327948	99393948	54000	27	1.000000	homologous_same_chrom
chr5_homolog_run1161	chr5	64284000	64386000	chr5	h2	PAN011#joint#h2_chr5	64070648	64172648	54000	27	1.000000	homologous_same_chrom
chr5_homolog_run3043	chr5	178320000	178400000	chr5	h2	PAN011#joint#h2_chr5	178107851	178187854	54000	27	0.999972	homologous_same_chrom
chr7_homolog_run0905	chr7	64678000	64742000	chr7	h2	PAN011#joint#h2_chr7	64926086	64990086	54000	27	1.000000	homologous_same_chrom
chr9_homolog_run0958	chr9	63672000	63726000	chr9	h1	PAN011#joint#h1_chr9	63623801	63677800	54000	27	0.999991	homologous_same_chrom
chr10_homolog_run0710	chr10	37000000	37054000	chr10	h1	PAN011#joint#h1_chr10	36994981	37048981	54000	27	1.000000	homologous_same_chrom
chr13_homolog_run0747	chr13	55418000	55472000	chr13	h2	PAN011#joint#h2_chr13	55922995	55976994	54000	27	0.999991	homologous_same_chrom
chr15_homolog_run0002	chr15	382000	438000	chr15	h1	PAN011#joint#h1_chr15	199754	254813	54000	27	0.990256	homologous_same_chrom
chr15_homolog_run0081	chr15	20092000	20146000	chr15	h2	PAN011#joint#h2_chr15	20075162	20129163	54000	27	0.999991	homologous_same_chrom
chr16_homolog_run0891	chr16	87704000	87770000	chr16	h2	PAN011#joint#h2_chr16	87705659	87771659	54000	27	1.000000	homologous_same_chrom
chr19_homolog_run0349	chr19	32156000	32258000	chr19	h2	PAN011#joint#h2_chr19	32150968	32252968	54000	27	1.000000	homologous_same_chrom
chr21_homolog_run0166	chr21	14428000	14516000	chr21	h1	PAN011#joint#h1_chr21	14303447	14391448	54000	27	1.000000	homologous_same_chrom
chr22_homolog_run0031	chr22	5310000	5364000	chr22	h2	PAN011#joint#h2_chr22	6116429	6170429	54000	27	1.000000	homologous_same_chrom
chr22_homolog_run0314	chr22	35798000	35858000	chr22	h2	PAN011#joint#h2_chr22	36608909	36668913	54000	27	0.999963	homologous_same_chrom
chr4_homolog_run1959	chr4	110368000	110436000	chr4	h2	PAN011#joint#h2_chr4	111503487	111571488	52000	26	0.999990	homologous_same_chrom
chr6_homolog_run1377	chr6	87150000	87242000	chr6	h2	PAN011#joint#h2_chr6	87147999	87239999	52000	26	1.000000	homologous_same_chrom
chr7_homolog_run0440	chr7	29824000	29890000	chr7	h2	PAN011#joint#h2_chr7	29896482	29962482	52000	26	1.000000	homologous_same_chrom
chr7_homolog_run0917	chr7	65386000	65438000	chr7	h2	PAN011#joint#h2_chr7	65634097	65686097	52000	26	1.000000	homologous_same_chrom
chr7_homolog_run1100	chr7	78188000	78240000	chr7	h2	PAN011#joint#h2_chr7	78436402	78488402	52000	26	1.000000	homologous_same_chrom
chr9_homolog_run1007	chr9	66030000	66086000	chr9	h1	PAN011#joint#h1_chr9	65981823	66037823	52000	26	1.000000	homologous_same_chrom
chr12_homolog_run1197	chr12	55570000	55658000	chr12	h2	PAN011#joint#h2_chr12	55367103	55455087	52000	26	0.998143	homologous_same_chrom
chr14_homolog_run0115	chr14	15596000	15648000	chr14	h1	PAN011#joint#h1_chr14	15514239	15566239	52000	26	0.999981	homologous_same_chrom
chr15_homolog_run0037	chr15	13036000	13106000	chr15	h2	PAN011#joint#h2_chr15	13029334	13099334	52000	26	1.000000	homologous_same_chrom
chr17_homolog_run0319	chr17	20876000	20930000	chr17	h1	PAN011#joint#h1_chr17	20791560	20845599	52000	26	0.998063	homologous_same_chrom
chr19_homolog_run0403	chr19	37352000	37406000	chr19	h2	PAN011#joint#h2_chr19	37347041	37401045	52000	26	0.999962	homologous_same_chrom
chr20_homolog_run0562	chr20	26172000	26224000	chr20	h1	PAN011#joint#h1_chr20	26168021	26220022	52000	26	0.999990	homologous_same_chrom
chr20_homolog_run0575	chr20	30248000	30318000	chr20	h1	PAN011#joint#h1_chr20	30238918	30308918	52000	26	1.000000	homologous_same_chrom
chrX_homolog_run0003	chrX	2526000	2584000	chrX	h1	PAN011#joint#h1_chrX	2488248	2546248	52000	26	1.000000	homologous_same_chrom
chrX_homolog_run0952	chrX	57078000	57182000	chrX	h1	PAN011#joint#h1_chrX	57040447	57144446	52000	26	1.000000	homologous_same_chrom
chrX_homolog_run1181	chrX	72164000	72234000	chrX	h1	PAN011#joint#h1_chrX	72126445	72196445	52000	26	1.000000	homologous_same_chrom
chrX_homolog_run1848	chrX	108660000	108742000	chrX	h1	PAN011#joint#h1_chrX	108622570	108704570	52000	26	1.000000	homologous_same_chrom
chr1_homolog_run3904	chr1	222626000	222692000	chr1	h1	PAN011#joint#h1_chr1	222104846	222170837	50000	25	0.999990	homologous_same_chrom
chr3_homolog_run1655	chr3	75378000	75430000	chr3	h1	PAN011#joint#h1_chr3	75375452	75427453	50000	25	0.999930	homologous_same_chrom
chr3_homolog_run3716	chr3	164184000	164256000	chr3	h1	PAN011#joint#h1_chr3	164184953	164256953	50000	25	1.000000	homologous_same_chrom
chr7_homolog_run0902	chr7	64454000	64522000	chr7	h2	PAN011#joint#h2_chr7	64702086	64770086	50000	25	1.000000	homologous_same_chrom
chr9_homolog_run0604	chr9	34864000	34970000	chr9	h2	PAN011#joint#h2_chr9	34869221	34975208	50000	25	0.999850	homologous_same_chrom
chr10_homolog_run1740	chr10	80484000	80552000	chr10	h1	PAN011#joint#h1_chr10	80469469	80537469	50000	25	1.000000	homologous_same_chrom
chr10_homolog_run1751	chr10	80772000	80826000	chr10	h1	PAN011#joint#h1_chr10	80757471	80811473	50000	25	0.999980	homologous_same_chrom
chr12_homolog_run0885	chr12	38120000	38176000	chr12	h1	PAN011#joint#h1_chr12	38121098	38177100	50000	25	0.999960	homologous_same_chrom
chr13_homolog_run0113	chr13	11188000	11240000	chr13	h2	PAN011#joint#h2_chr13	11688711	11740712	50000	25	0.999990	homologous_same_chrom
chr15_homolog_run0032	chr15	12320000	12382000	chr15	h2	PAN011#joint#h2_chr15	12313334	12375334	50000	25	1.000000	homologous_same_chrom
chr15_homolog_run0076	chr15	19732000	19782000	chr15	h2	PAN011#joint#h2_chr15	19715159	19765158	50000	25	0.999990	homologous_same_chrom
chr16_homolog_run0152	chr16	14454000	14504000	chr16	h2	PAN011#joint#h2_chr16	14453433	14503435	50000	25	0.999960	homologous_same_chrom
chr20_homolog_run0554	chr20	26024000	26074000	chr20	h1	PAN011#joint#h1_chr20	26020018	26070018	50000	25	1.000000	homologous_same_chrom
chr20_homolog_run0600	chr20	30888000	30954000	chr20	h1	PAN011#joint#h1_chr20	30878928	30944929	50000	25	0.999990	homologous_same_chrom
chrX_homolog_run0920	chrX	55572000	55644000	chrX	h1	PAN011#joint#h1_chrX	55534447	55606447	50000	25	1.000000	homologous_same_chrom
chrX_homolog_run1041	chrX	64976000	65050000	chrX	h1	PAN011#joint#h1_chrX	64938445	65012444	50000	25	0.999990	homologous_same_chrom
chrX_homolog_run1257	chrX	76170000	76244000	chrX	h1	PAN011#joint#h1_chrX	76132453	76206453	50000	25	1.000000	homologous_same_chrom
