	chr1_MATERNAL_p	chr1_MATERNAL_q	chr1_PATERNAL_q	chr1_PATERNAL_p	chr2_MATERNAL_q	chr2_PATERNAL_q	chr3_MATERNAL_q	chr3_PATERNAL_q	chr4_MATERNAL_p	chr4_MATERNAL_q	chr4_PATERNAL_q	chr4_PATERNAL_p	chr5_MATERNAL_q	chr5_PATERNAL_q	chr6_MATERNAL_p	chr6_MATERNAL_q	chr6_PATERNAL_q	chr6_PATERNAL_p	chr7_MATERNAL_q	chr7_MATERNAL_p	chr7_PATERNAL_q	chr7_PATERNAL_p	chr8_MATERNAL_p	chr8_PATERNAL_p	chr9_MATERNAL_q	chr9_MATERNAL_p	chr9_PATERNAL_q	chr9_PATERNAL_p	chr10_MATERNAL_q	chr10_MATERNAL_p	chr10_PATERNAL_q	chr10_PATERNAL_p	chr11_MATERNAL_p	chr11_PATERNAL_p	chr12_MATERNAL_q	chr12_MATERNAL_p	chr12_PATERNAL_q	chr12_PATERNAL_p	chr13_MATERNAL_q	chr13_MATERNAL_p	chr13_PATERNAL_q	chr13_PATERNAL_p	chr14_MATERNAL_p	chr14_PATERNAL_p	chr15_MATERNAL_q	chr15_MATERNAL_p	chr15_PATERNAL_p	chr15_PATERNAL_q	chr16_MATERNAL_p	chr16_MATERNAL_q	chr16_PATERNAL_p	chr16_PATERNAL_q	chr17_MATERNAL_p	chr17_MATERNAL_q	chr17_PATERNAL_p	chr17_PATERNAL_q	chr18_MATERNAL_p	chr18_PATERNAL_p	chr19_MATERNAL_p	chr19_MATERNAL_q	chr19_PATERNAL_p	chr19_PATERNAL_q	chr20_MATERNAL_p	chr20_PATERNAL_p	chr20_PATERNAL_q	chr21_MATERNAL_p	chr21_MATERNAL_q	chr21_PATERNAL_q	chr21_PATERNAL_p	chr22_MATERNAL_p	chr22_MATERNAL_q	chr22_PATERNAL_q	chr22_PATERNAL_p	chrX_MATERNAL_q	chrX_MATERNAL_p	chrY_PATERNAL_p	chrY_PATERNAL_q
chr1_MATERNAL_p	0.0	0.0	0.0	0.07244806386715477	0.0	0.0024262809253993594	0.009029847656795917	0.0026262519251085067	0.0	0.0	0.0017878079299302764	0.0	0.020904252095695176	0.03125198417436269	0.004664186979234742	0.016398291867948923	0.015660081188656565	0.0	0.0	0.0017777868932686725	0.0	0.001970655917233162	0.0018512750240997802	0.008539476716858244	0.010798398925263093	0.0	0.00606818325466821	0.0	0.0	0.0	0.0	0.0	0.01436312657787915	0.011549831277222035	0.0	0.0013176055289235071	0.0	0.00131408549298661	0.0	0.0004062213229313163	0.0	0.0	0.0	0.0	0.0011713111474634717	0.0	0.0	0.0010117523373160838	0.0005467635960226183	0.005966043916627843	0.001136206453521735	0.0	0.0	0.0019213588279585693	0.0	0.0018337101955028057	0.0	0.0	0.003881893871580767	0.0	0.0038561968413237807	0.005104588654324046	0.007812474375123077	0.011238337419683542	0.0019916104229826346	0.0	0.0	0.0	0.0	0.0	0.0014398493223840374	0.0019415801017209349	0.0	0.0	0.0	0.0	0.003419864304221188
chr1_MATERNAL_q	0.0	0.0	0.09436240727228347	0.0	0.0	0.005035245606754666	0.001192731657130334	0.0	0.0	0.0015037378196269618	0.0007038710595132816	0.00875995581807929	0.007479256081670529	0.0	0.0	0.003657011155029264	0.0	0.008311324577029152	0.0	0.001273783833156946	0.0	0.0	0.0	0.0	0.0	0.0	0.0012338318366572295	0.0	0.0	0.0564681939214701	0.0	0.0	0.0	0.0	0.0	0.0	0.025344925987165295	0.0035202696702051222	0.0130785666834273	0.0002454498360530084	0.0	0.0	0.0	0.0003257396149916895	0.00044558870171992497	0.0	0.000996947246687929	0.0004333439810891717	0.0013643882063696983	0.00046406155107086064	0.002254488800522547	0.04089817476083831	0.0	0.035053325008180314	0.0	0.0030358815072528363	0.0	0.0027532778526763494	0.0	0.017478420061780943	0.0	0.012737937582150558	0.009088260578324242	0.016835401104342743	0.0	0.0	0.0028490788231872906	0.0	0.0008959821163317404	0.0	0.004381965230145991	0.008863361288941048	0.0	0.0004733761507182658	0.0008537726678469795	0.0013901932581172267	0.0007828197669007968
chr1_PATERNAL_q	0.0	0.09436240727228347	0.0	0.0	0.007744631404303134	0.0010523465156716785	0.003164216969581411	0.002234247707261142	0.012888026342312935	0.01750614061932836	0.0	0.015379976783312729	0.0	0.010526712011900278	0.0	0.0033236386447382665	0.0	0.004972194057565861	0.0	0.0036472088878498343	0.0	0.0	0.000403094566474656	0.0	0.0	0.008325656396994582	0.001972331920175178	0.0015739448059005942	0.0022821142154531853	0.0	0.0	0.018931363820249337	0.0	0.0	0.0	0.0	0.0	0.0028652652747203963	0.0	0.0	0.03900471188642375	0.0	0.00024482285307158305	0.0026631352145908053	0.0	3.1120996727647155e-05	0.0	0.021487747250424207	0.00890418965508184	0.0	0.0015410033926191323	0.0	0.0	0.0	0.010846766367765937	0.0	0.0	0.0003551838195135017	0.0	0.0012154321264027561	0.006307467576726936	0.023081132462404962	0.016310972392792663	0.020143331078443363	0.0	0.0	0.03409409162328494	0.08703310357012647	0.00015263560360291486	0.0	0.007294556500461429	0.05031374776800555	0.0	0.0010782615158194426	0.0	0.0	0.0
chr1_PATERNAL_p	0.07244806386715477	0.0	0.0	0.0	0.004129299476197044	0.008678628068145493	0.011330866010686731	0.006216189399131344	0.0	0.0031087265267206584	0.0	0.0	0.026198944080416824	0.016187024328052343	0.0	0.013689926514615614	0.008932061941112708	0.0	0.0	0.000980960565173157	0.0	0.007214902241668865	0.011893536102975723	0.0075645172499922255	0.008219329575219909	0.0	0.0009040363099595192	0.0	0.0026588107995712098	0.0	0.011144092005741074	0.006939362356995377	0.013428540401310566	0.004586055996033276	0.0	0.0019318542140654867	0.0	0.003204080112565656	0.0	0.0013279893994469637	0.0	0.0	0.0	0.0	0.001169148292999231	0.0	0.0	0.00040214439592970607	0.0024189785073571225	0.0029673830588223234	0.002559811130304345	0.010701853541565021	0.0032008630117979896	0.0003931264792211857	0.0	0.0	0.0	0.0	0.01805011669881757	0.0	0.005007361083650954	0.008865630603930355	0.0026034438329725846	0.003962797079904832	0.002236688660836909	0.0	0.0	0.004578288408022003	0.0	0.0	0.0	0.0010281529301760628	0.0	0.0	0.00033414432897941037	0.0	0.0
chr2_MATERNAL_q	0.0	0.0	0.007744631404303134	0.004129299476197044	0.0	0.12428533744839142	0.0	0.0008698331214812146	0.0	0.0017508214198692416	0.0	0.0	0.0013475251081616869	0.0008562105732950974	0.007119292079910926	0.007613822011240762	0.003186294707964054	0.0038012950545848597	0.0	0.002787850864756084	0.0	0.003707428196761332	0.0	0.0022047675908554967	0.0013734500057734724	0.001511484262838807	0.002352424078329946	0.0006397212363439759	0.003726663818355852	0.0	0.022012668369281452	0.0	0.0	0.0004820750694281207	0.0	0.0	0.0	0.00552089100944227	0.0	0.0	0.0	0.0	0.0	0.0	0.0	0.00019617955654727324	0.0	0.0	0.0030049963244585453	0.018280597886208526	0.0010707008948829888	0.013395055412703779	0.0	0.0	0.0	0.0	0.0	0.0	0.0	0.0	0.0018358561504770944	0.0013716772203719119	0.00939357571131324	0.0	0.0017889667118379813	0.0	0.0014457625221320214	0.001641400924601317	0.0	0.0	0.0	0.0	0.0	0.0019270529053078437	0.0002101621832239448	0.0	0.0
chr2_PATERNAL_q	0.0024262809253993594	0.005035245606754666	0.0010523465156716785	0.008678628068145493	0.12428533744839142	0.0	0.0	0.0	0.004875065124601135	0.0	0.0	0.0	0.0	0.0	0.0	0.007124189668443017	0.019933731727503005	0.0	0.0	0.004537996138261448	0.0	0.00802907816849724	0.0016401360118854875	0.0	0.0004955114174229667	0.0	0.001021492860925344	0.0	0.0	0.0	0.06507787543513249	0.0	0.0	0.0	0.0	0.0009854956523185792	0.0	0.0	0.0	0.0	0.0	0.0	0.0	0.0	0.0016041314274643894	0.0	0.0	0.00042651087602494915	0.0011927215702308993	0.013244770759759153	0.002094251542519589	0.0	0.0	0.0006561295376702806	0.0	0.003700311284066887	0.0	0.0	0.0	0.0	0.0	0.0	0.0	0.004620204588859223	0.0	0.0	0.0	0.0	0.0	0.0	0.0	0.0	0.0	0.00036198353866540354	0.0003161215842077511	0.0018589743770100942	0.0
chr3_MATERNAL_q	0.009029847656795917	0.001192731657130334	0.003164216969581411	0.011330866010686731	0.0	0.0	0.0	0.020196151176408723	0.015145405400257241	0.0	0.0024099007883257558	0.0	0.0034019056234975698	0.007905755355919687	0.0022715182992208613	0.0024757019948996248	0.005967255638447282	0.0	0.0	0.0033429201855083744	0.0	0.004987174879515765	0.000222368486911372	0.001739011760553142	0.011830966630001842	0.0005950791136845103	0.009564426009262432	0.0002514192303716688	0.004300837654759435	0.0005452176840384252	0.013193281575236346	0.007357620708246745	0.016204396506037357	0.015089707073675514	0.0	0.004144491410159948	0.016092743873299446	0.0034445160294854483	0.0	0.0	0.0	0.0	0.0	0.0008153227106469312	0.01289758080698077	0.0	0.0	0.0038553229668011808	0.0005848420222225207	0.005824841662054284	0.0017589272135134857	0.003064195635443313	0.005754945376519394	0.0004919471530696266	0.0072314754425061144	0.0	0.000137752184322214	0.00039711028480677023	0.021581748107316306	0.0	0.024605594684074056	0.0	0.008723119669993572	0.008150731447764643	0.0005972059728494358	0.0013110305723588503	0.0	0.0	0.0	0.0	0.001843165995407513	0.0	0.0	0.0010448846385161213	0.0	0.0008284214398055202	0.0
chr3_PATERNAL_q	0.0026262519251085067	0.0	0.002234247707261142	0.006216189399131344	0.0008698331214812146	0.0	0.020196151176408723	0.0	0.004507977091223013	0.0002636003398522792	0.0	0.0	0.0070881224261834614	0.000300053951765755	0.0	0.004621252829776676	0.006165490664225943	0.0037447475081821857	0.0	0.0010692235109301422	0.0	0.00607383532540661	0.002572735699750292	0.0008157838036350632	0.016604583505536976	0.0005836852743041376	0.02212474687935066	0.0	0.0017620789046507489	0.009518364534649859	0.0003556352012536278	0.0	0.010949849707930615	0.016341390310845125	0.0	0.0	0.0	0.00031251020569671276	0.0	4.878169755345184e-05	0.0	0.0	0.00031021713473653465	0.00034808583936487067	0.0006016917843137999	0.0005051239519138813	0.0	0.0008411684704974781	0.0001563308416807001	0.002184240372206442	0.002022462920804398	0.0006987329975589255	0.002832816253868939	0.02111857411576241	0.0023661345552726267	0.0	0.00017209367255813072	0.0	0.029328628225781164	0.0	0.020893030931581784	0.0	0.008096725994239261	0.001053427133975604	0.007566722170770798	0.0	0.0	0.005825409170731867	0.0	0.0	0.003545257453311553	0.0	0.0	0.001708646310102781	0.0	0.0008280865843230081	0.0
chr4_MATERNAL_p	0.0	0.0	0.012888026342312935	0.0	0.0	0.004875065124601135	0.015145405400257241	0.004507977091223013	0.0	0.0	0.01971254494089144	0.18267280589762416	0.0	0.0	0.0	0.0	0.0	0.0	0.0	0.0013216001821361215	0.0	0.0	0.000685055490492247	0.0007788340624784583	0.0	0.0	0.0	0.0	0.0	0.0	0.0	0.0	0.0	0.0068155667581775515	0.0	0.0	0.0	0.0	0.0	0.0005793360616679182	0.022909014944588465	0.0	0.0014270936758747198	0.0	0.0	0.0	0.0	0.0	0.0049436633790994585	0.0	0.0005996702980271436	0.01499527727530202	0.0	0.0	0.009202174616068776	0.0	0.0	0.011425571709393467	0.005863606008130115	0.0	0.012731154585995504	0.0	0.0	0.0	0.004108455484594794	0.0005258436714514912	0.0059748330990518905	0.0	0.0	0.0	0.0	0.0	0.0	0.0	0.0005026570726446514	0.0006981062187879052	0.0
chr4_MATERNAL_q	0.0	0.0015037378196269618	0.01750614061932836	0.0031087265267206584	0.0017508214198692416	0.0	0.0	0.0002636003398522792	0.0	0.0	0.03605671550888947	0.0	0.0010310295120824506	0.007155653819364411	0.0	0.00044062163608102464	0.0	0.0	0.0	0.0	0.0	0.0	0.0	0.0	0.0	0.0	0.0	0.0	0.009783037450081439	0.02253164429273556	0.009804961166409136	0.0	0.0	0.0	0.0	0.0	0.0	0.00022837846439570413	0.003208834941691929	0.0011872997357019132	0.0	0.0	0.00021877744439698652	0.0	0.0	0.0	0.0	0.0007089052100184936	0.0009768056403449458	0.0	0.0	0.0	0.0	0.006504585616434759	0.0	0.0	0.0	0.00016552640359630374	0.0	0.004692493095337484	0.0	0.021351875253342326	0.0024930786414562285	0.0021890538302291656	0.0	0.0	0.012099176645088557	0.0	0.0	0.0	0.0	0.0021151803323603163	0.0	0.0005581244828666928	0.000185754648494586	0.00025774924613315134	0.0
chr4_PATERNAL_q	0.0017878079299302764	0.0007038710595132816	0.0	0.0	0.0	0.0	0.0024099007883257558	0.0	0.01971254494089144	0.03605671550888947	0.0	0.0	0.0008758078612140618	0.013683722508031362	0.0	0.001617760902639183	0.0	0.0	0.0	0.0005976367020473003	0.001236790557029706	0.0	0.0003204779438992491	0.0005820266398563192	0.0	0.0001064409174077721	0.0008453640539459395	0.001734565285517464	0.01949086325414248	0.0	0.006518259602326529	0.009085732294828362	0.0	0.0	0.0	0.0	0.001392962657330457	0.002168014671351224	0.0	0.0019120615717115783	0.0	0.0	0.00025704829637972746	0.0008508367692703314	0.0	0.0006139350539893368	4.16632721924109e-05	0.0012480741000550155	0.0	0.0007532101542106909	0.0003218603370833589	0.0	0.0	0.0	0.0	0.0	0.0	0.0004876499329941963	0.0	0.0	0.0	0.006375659069495154	0.0	0.0	0.0007863033524854586	0.0	0.004158612883207114	0.007907042322350736	0.0	0.0015242963763597195	0.0	0.0	0.0	0.0010439297469034554	8.987256579973914e-05	0.00020704732551129752	0.008224370064561759
chr4_PATERNAL_p	0.0	0.00875995581807929	0.015379976783312729	0.0	0.0	0.0	0.0	0.0	0.18267280589762416	0.0	0.0	0.0	0.0	0.0	0.0	0.0	0.0	0.0	0.0	0.0	0.0	0.0	0.0017004316410080022	0.0	0.0	0.0	0.004043538025399097	0.0	0.0	0.0	0.0	0.0	0.0	0.0	0.0	0.0	0.0	0.0	0.0	0.0020740588841602317	0.0	0.0	0.0	0.0011184291516980144	0.0	0.0	0.0	0.013771858646778686	0.003933026721887646	0.0016148232865988385	0.0	0.0	0.0	0.0	0.0	0.0	0.0	0.009091531277342135	0.0	0.0	0.006794719321012906	0.0	0.0	0.0	0.0	0.0	0.032486620469880906	0.0	0.0	0.0031940086829450472	0.0	0.0	0.008682876199324266	0.0	0.0006671306616505307	0.0	0.003333210607734352
chr5_MATERNAL_q	0.020904252095695176	0.007479256081670529	0.0	0.026198944080416824	0.0013475251081616869	0.0	0.0034019056234975698	0.0070881224261834614	0.0	0.0010310295120824506	0.0008758078612140618	0.0	0.0	0.07238021253049601	0.0	0.016984659005962237	0.028437037342273704	0.0	0.0	0.004592192278226897	0.0	0.005428315674645248	0.004091727467431123	0.004642105850718727	0.0017269877373066976	0.0	0.0030918063261520207	0.0006519372077988425	0.0014356269221669099	0.0	0.0003786485189148494	0.0	0.012981709338161276	0.007051860188937032	0.0	0.0	0.0	0.0012675036709424603	0.0	0.0022570809695955144	0.0	0.0	0.0	0.0	0.0010552800946528734	0.0	0.0	0.004796833195344483	0.0011600254671208065	0.0029300406100141183	0.0030840293396094415	0.009385354224043055	0.0	0.00166876218920246	0.0023525785352846076	0.010468559390557354	0.0	0.0	0.011757600216464258	0.0	0.0014787168886776024	0.016975718024763473	0.005967313782921071	0.008063068814089974	0.004285933854390012	0.0	0.012015772939928485	0.011760930279704884	0.0005140780975715019	0.0	0.0008057195363248455	0.0	0.0	0.0009392041214811257	7.626051164307145e-05	0.0	0.00037566987620716354
chr5_PATERNAL_q	0.03125198417436269	0.0	0.010526712011900278	0.016187024328052343	0.0008562105732950974	0.0	0.007905755355919687	0.000300053951765755	0.0	0.007155653819364411	0.013683722508031362	0.0	0.07238021253049601	0.0	0.003489657545891939	0.01873931360074107	0.0371864467421846	0.0	0.0	0.0014626512219626869	0.0	0.003255804133757673	0.001493786318304484	0.00954423092631655	0.004871593774412441	0.0	0.0019427068553865487	0.0001689632460819264	0.0	0.0	0.007709155063858058	0.0	0.029112845402870825	0.0052536155021221265	0.0	0.0	0.011492276800140986	0.0	0.0	0.0010611009655720003	0.0	0.0	0.0012620614692154901	0.0	0.0003722447288244273	0.0	0.0	0.0	0.002990506569591897	0.00017375558035000494	0.001490647836388956	0.0008845208143294402	0.0	0.0	0.0012351558465561088	0.007295279978583551	0.0005415697535024062	0.0	0.0011133657445123583	0.0	0.0026095810367468392	0.0	0.002207547425705863	0.0	0.0013877999670730285	0.0003091621137490705	0.00015571046857656314	0.0	0.0	0.0	0.0	0.0030263414214077465	0.0	0.000175001299809933	0.0	0.0	0.00012526042237473195
chr6_MATERNAL_p	0.004664186979234742	0.0	0.0	0.0	0.007119292079910926	0.0	0.0022715182992208613	0.0	0.0	0.0	0.0	0.0	0.0	0.003489657545891939	0.0	0.0	0.0	0.06488948864812887	0.0	0.00171238583405882	0.0	0.0	0.00039763853854688923	0.002251732996539	0.004708188594151565	0.0059310567990231286	0.0014779955055277824	0.0025196340981241874	0.0	0.01234414943299246	0.0	0.0	0.0	0.0	0.0	0.0	0.0	0.004384143957890853	0.0	0.00036843933094066097	0.0	0.0	0.0	0.0	0.0	0.0010501089741506893	0.0	0.01114768801637775	0.0	0.001122966350703397	0.0003672064904186441	0.0	0.0	0.0	0.0	0.0	0.0	0.0008649065636305122	0.008661727385325377	0.0	0.003372751027543869	0.0	0.0	0.0	0.019639475593323595	0.0	0.0	0.0	0.0004033477266942298	0.0	0.0	0.0	0.0	0.00043681359427505655	0.0	0.0	0.0
chr6_MATERNAL_q	0.016398291867948923	0.003657011155029264	0.0033236386447382665	0.013689926514615614	0.007613822011240762	0.007124189668443017	0.0024757019948996248	0.004621252829776676	0.0	0.00044062163608102464	0.001617760902639183	0.0	0.016984659005962237	0.01873931360074107	0.0	0.0	0.08586409311959513	0.0	0.0	0.0010540190033814707	0.0	0.0015008818624879666	0.006292265280713406	0.003255435531930552	0.0014911401118495487	0.0	0.0	0.0	0.0	0.0	0.0	0.0	0.016934920932472425	0.011330286791425222	0.0	0.0	0.0	0.0	0.0	0.0	0.0	0.0	0.0	0.0015176817516324907	0.016133200820674515	0.0	0.0	0.001913331342895166	0.0013158793986357432	0.0029921331145951638	0.0011783056682589485	0.0	0.0	0.0009798167036516017	0.0	0.0	0.0	0.0	0.0014016196980242495	0.0	0.0	0.000787524954438579	0.0058799486837997185	0.014522954267811885	0.0010267022076058982	0.0	0.0	0.00853820292588043	0.00063360791885845	0.0003442685760621528	0.0	0.0	0.0	0.0	0.0008758422327609295	0.0	0.00039716585097462524
chr6_PATERNAL_q	0.015660081188656565	0.0	0.0	0.008932061941112708	0.003186294707964054	0.019933731727503005	0.005967255638447282	0.006165490664225943	0.0	0.0	0.0	0.0	0.028437037342273704	0.0371864467421846	0.0	0.08586409311959513	0.0	0.0	0.0	0.011456392232567579	0.0	0.009874914246666523	0.006669766409924377	0.008713257634798974	0.0026602992210554466	0.0	0.0	0.0	0.014434757054691607	0.0	0.0027902697613266378	0.0	0.03818369665460756	0.002531348030002183	0.0	0.0	0.0	0.0	0.0	0.0038908003430018945	0.0	0.0	0.0	0.0	0.0007170337482005516	0.0	0.0	0.0020178508658690777	0.002871765557943093	0.0	0.002384462793845692	0.0	0.0	0.0028719530389365745	0.00443116088300004	0.01353190717845804	0.0	0.0007914972024024461	0.0025074894581396732	0.0	0.0	0.0	0.0	0.0	0.0	0.0003323859178792495	0.0	0.0	0.0	0.0	0.0	0.0	0.0	0.0	0.0	0.0004087886542958911	0.0
chr6_PATERNAL_p	0.0	0.008311324577029152	0.004972194057565861	0.0	0.0038012950545848597	0.0	0.0	0.0037447475081821857	0.0	0.0	0.0	0.0	0.0	0.0	0.06488948864812887	0.0	0.0	0.0	0.0	0.0008870664122891225	0.0	0.00037658961050914506	0.0	0.001250334041322914	0.0014200888278608312	0.0007074581393239179	0.0048460306610597316	0.0016049185947903406	0.0	0.0	0.0	0.0	0.003958297691349419	0.01196272511644365	0.0	0.002621254894055555	0.0	0.0013071260533161174	0.0	0.0	0.0	0.0	0.0	0.0	0.00610790394675439	0.0	0.0	0.0	0.0	0.002207519127781637	0.0007817222303660404	0.0	0.0	0.0	0.0	0.0	0.0	0.0	0.012657315682758333	0.0	0.0	0.0	0.0	0.0	0.050095790770744386	0.0	0.0	0.0	0.0	0.0	0.0	0.0	0.0	0.0	0.0	0.0	0.0
chr7_MATERNAL_q	0.0	0.0	0.0	0.0	0.0	0.0	0.0	0.0	0.0	0.0	0.0	0.0	0.0	0.0	0.0	0.0	0.0	0.0	0.0	0.0	0.045402017903645654	0.0	0.0005110290529393679	0.0	0.0	0.0	0.0	0.0	0.0	0.0	0.0	0.0	0.0	0.0	0.0	0.0	0.0	0.0	0.0	0.0	0.0	0.0	0.0	0.0	0.0	0.0	0.0	0.0	0.0	0.0	0.0	0.0	0.0	0.0	0.0	0.0	0.0	0.0	0.0	0.0	0.0	0.0	0.0	0.0	0.006374383567225506	0.0	0.0	0.0	0.0	0.0	0.0	0.0	0.0	0.0	0.0001901637160492017	0.0010528969134294308	0.0
chr7_MATERNAL_p	0.0017777868932686725	0.001273783833156946	0.0036472088878498343	0.000980960565173157	0.002787850864756084	0.004537996138261448	0.0033429201855083744	0.0010692235109301422	0.0013216001821361215	0.0	0.0005976367020473003	0.0	0.004592192278226897	0.0014626512219626869	0.00171238583405882	0.0010540190033814707	0.011456392232567579	0.0008870664122891225	0.0	0.0	0.0	0.024720545790217506	0.0006307540351686438	0.00011412455618641117	0.007657508034760995	0.00035438115994958555	0.004426449144717966	0.00013398976835340585	0.0	0.0008385499992356356	0.006483852418669713	0.0020948352676964125	0.01032329936635557	0.005326895548577627	0.0	0.0	0.0	0.003105723594875044	0.0	6.90224851070086e-05	0.0	0.0	0.0	3.630910283866001e-05	0.0016547314521408298	0.0	0.0003830241707050641	0.00025262625350517257	0.003760667902143434	0.004160347334256505	0.0069181454913928705	0.003831973109134039	0.0008134735609536541	0.005640322689434592	0.0004887990049009582	0.0006074696078006384	0.0012451928205591293	0.0	0.0006945448293214603	0.0009859984003555999	0.01505228689079993	0.0022835122820431615	0.004033574843547672	0.011535676231933077	0.008099164517558334	0.0	0.0	0.0023216966979792606	0.0	0.0	0.0	0.0	0.0	0.007442131701308446	0.0022484607051669117	0.0006646139157393628	0.0012443961772317714
chr7_PATERNAL_q	0.0	0.0	0.0	0.0	0.0	0.0	0.0	0.0	0.0	0.0	0.001236790557029706	0.0	0.0	0.0	0.0	0.0	0.0	0.0	0.045402017903645654	0.0	0.0	0.0	0.0	0.0	0.0	0.0	0.0	0.0	0.0	0.0	0.0	0.0	0.0	0.0	0.0	0.0	0.0	0.0	0.0	0.0	0.0	0.0	0.0	0.0006335781180067763	0.0	0.0003742144436074395	0.0	0.0007345658721080341	0.0	0.0	0.0	0.0	0.0	0.0	0.0	0.0	0.0	0.0008870031771474785	0.0	0.0	0.0	0.0	0.0	0.0	0.0	0.0	0.0	0.0	0.0	0.0	0.0	0.0	0.0	0.0	0.0	0.0004765419338258322	0.000496580957502722
chr7_PATERNAL_p	0.001970655917233162	0.0	0.0	0.007214902241668865	0.003707428196761332	0.00802907816849724	0.004987174879515765	0.00607383532540661	0.0	0.0	0.0	0.0	0.005428315674645248	0.003255804133757673	0.0	0.0015008818624879666	0.009874914246666523	0.00037658961050914506	0.0	0.024720545790217506	0.0	0.0	0.0005224178562813751	0.0006862463802337221	0.001971536704631875	0.0004820453977439197	0.002477066592276259	0.0005338182350174531	0.0021202573199960465	0.0	0.003735156338982958	0.0	0.002321481438410054	0.0031829260004815354	0.0	0.00032998101133465535	0.0	0.0	0.0	0.0002676793043959121	0.0	0.0	0.00020848258004938004	0.0003882395527699242	0.0018992068370776028	6.752723233087822e-05	9.297818940741434e-05	0.00012680995857366532	0.0018976212233638495	0.013104767513977945	0.003742940021854695	0.008876779620340844	0.003780562294174145	0.0	0.0038495606239025036	0.0	0.0012446778584096596	0.0	0.005605130508275651	0.002359695002092272	0.005587105923581709	0.0	0.0047141076347393274	0.0007794135102717916	0.00140048846055011	5.6277168887053936e-05	0.0007425736533706116	0.0	0.0001104862448242233	0.00027740080503059163	0.0	0.0	0.0	0.002328739253236246	3.7948871962573214e-05	0.0003377166987209687	9.65471524154626e-05
chr8_MATERNAL_p	0.0018512750240997802	0.0	0.000403094566474656	0.011893536102975723	0.0	0.0016401360118854875	0.000222368486911372	0.002572735699750292	0.000685055490492247	0.0	0.0003204779438992491	0.0017004316410080022	0.004091727467431123	0.001493786318304484	0.00039763853854688923	0.006292265280713406	0.006669766409924377	0.0	0.0005110290529393679	0.0006307540351686438	0.0	0.0005224178562813751	0.0	0.03504099836322448	0.0015012877117551702	0.0004922606499611395	0.0007212251044081992	0.00037224264668682324	0.0	0.0	0.0	0.0	0.0007024913886577902	0.0028511971562174116	0.0	0.0009451375405996138	0.0	0.0005165190892567851	0.0	0.0009281690848767716	0.0	0.0	0.00026685874405419453	0.00041660791874369483	0.0001495793073701	1.9888612253706897e-05	0.0	0.0005049891043454071	0.0	0.0009787911932629318	0.0008616130390543352	0.0	0.0	0.000452070053035386	0.0	0.0016968332378394793	0.0011368907579948797	0.0	0.0	0.0	0.0	0.004329993520381501	0.0	0.0	0.0	0.000315607692397572	0.0	0.00159796096482567	0.0002036967575558258	0.00033379648051426507	0.0013591704092458358	0.0	0.0	0.0	0.0010754091504148091	0.0005398573298683588	0.00016230136302008844
chr8_PATERNAL_p	0.008539476716858244	0.0	0.0	0.0075645172499922255	0.0022047675908554967	0.0	0.001739011760553142	0.0008157838036350632	0.0007788340624784583	0.0	0.0005820266398563192	0.0	0.004642105850718727	0.00954423092631655	0.002251732996539	0.003255435531930552	0.008713257634798974	0.001250334041322914	0.0	0.00011412455618641117	0.0	0.0006862463802337221	0.03504099836322448	0.0	0.0011903749597154496	0.0002331529900216295	0.0013665171988552253	0.0003526159813726702	0.0	0.0	0.0016317585631364228	0.0024668317888943067	0.005841059840822952	0.0025045013423820863	0.0011051835006639246	0.0	0.0	0.0	0.0	0.0008822281106017505	0.0	0.0	0.002320738759178326	0.0	0.0	0.0	0.0011252982140956096	0.0007944110354199854	9.10630507245767e-05	0.0	0.0006674927708536753	0.0	0.0	0.0007195367165780582	0.0	0.0035810343186769753	0.004777006085176485	0.000430513873334131	0.0005536913857787953	0.00021178977167996988	0.0002716151095465267	0.0	0.005482681675521664	0.0	0.00046776197869276086	4.714743419147269e-05	0.0	0.0009650307341134769	3.686648137522488e-05	0.0018079650560105678	0.0	0.0	0.0	0.0	0.00012089991705647421	0.0011945602576656008	0.0
chr9_MATERNAL_q	0.010798398925263093	0.0	0.0	0.008219329575219909	0.0013734500057734724	0.0004955114174229667	0.011830966630001842	0.016604583505536976	0.0	0.0	0.0	0.0	0.0017269877373066976	0.004871593774412441	0.004708188594151565	0.0014911401118495487	0.0026602992210554466	0.0014200888278608312	0.0	0.007657508034760995	0.0	0.001971536704631875	0.0015012877117551702	0.0011903749597154496	0.0	0.0	0.028291153366613538	0.0	0.0	0.0	0.0	0.0	0.007048121787313186	0.007550030430925966	0.0	0.00168119838682722	0.0	0.0007313139616141627	0.0	0.0	0.0	0.0	0.0	0.0	0.0009449804085675534	0.0	0.0	0.002353855506149791	0.002191147373530362	0.006851204007237125	0.007662686230947997	0.006271686548607797	0.0020307690894285726	0.0059829069100525096	0.0009356018555633475	0.0006770364628044725	0.0004466622058833573	0.0	0.00656468800690996	0.0	0.01750187653456591	0.0	0.005727901266541065	0.0069843183502193784	0.008833342672472766	0.0	0.004003433638869021	0.00018969051393087654	6.283136081431153e-05	0.0	0.00029512419314373746	0.0013459041210291856	0.0	0.0	0.00020426999456464142	0.00010218283588777995	0.0
chr9_MATERNAL_p	0.0	0.0	0.008325656396994582	0.0	0.001511484262838807	0.0	0.0005950791136845103	0.0005836852743041376	0.0	0.0	0.0001064409174077721	0.0	0.0	0.0	0.0059310567990231286	0.0	0.0	0.0007074581393239179	0.0	0.00035438115994958555	0.0	0.0004820453977439197	0.0004922606499611395	0.0002331529900216295	0.0	0.0	0.0018979315546054161	0.011169277594178198	0.0	0.0	0.0	0.0	0.0	0.0007650692273756264	0.0	0.0004239512510051555	0.0	0.0008456372965200916	0.0	4.340417909475115e-05	0.0	0.0	0.0003596538902074773	0.0	0.014949734728483469	2.1620341315895292e-05	0.0	0.004096858957446773	0.00026101564912357127	0.0	0.0007998475916924361	0.02243666039291288	0.0	0.0	0.0006884369756772643	0.0	0.0	0.0	0.00525060988439687	0.0	0.0015227049509654185	0.0	0.0	0.0	0.003967675074662177	4.057848486278935e-05	0.0	0.0	8.854693042162043e-05	0.0	0.0	0.0	0.0	0.0	0.0002756630753852696	0.0	0.0
chr9_PATERNAL_q	0.00606818325466821	0.0012338318366572295	0.001972331920175178	0.0009040363099595192	0.002352424078329946	0.001021492860925344	0.009564426009262432	0.02212474687935066	0.0	0.0	0.0008453640539459395	0.004043538025399097	0.0030918063261520207	0.0019427068553865487	0.0014779955055277824	0.0	0.0	0.0048460306610597316	0.0	0.004426449144717966	0.0	0.002477066592276259	0.0007212251044081992	0.0013665171988552253	0.028291153366613538	0.0018979315546054161	0.0	0.0	0.0004774694986258444	0.005105839287342903	0.0062403569445821806	0.004284266090176896	0.00814796095787871	0.008116082861648583	0.0	0.0014783365372339284	0.0	0.00018258744296611974	0.0	7.693150278346266e-05	0.0	0.0	0.0026401194149201714	0.0003403701081694443	0.0	0.0004322366817923727	0.0	0.0015867654359327063	0.0019789108036677443	0.0090536067302514	0.008260564639111215	0.0032651607460997462	0.0	0.0	0.0026998034238389875	0.0	0.0	0.002311218678918582	0.0056783792426521006	0.0	0.010993430672167463	0.0	0.0033157818494327076	0.0057804622782576	0.008262574418601785	0.00012159894518158785	0.0004895811911589707	0.0022233223161732154	0.0	0.0	0.0	8.772499951719665e-05	0.0	0.0	0.0005353035675289303	0.0005903706971150499	0.0
chr9_PATERNAL_p	0.0	0.0	0.0015739448059005942	0.0	0.0006397212363439759	0.0	0.0002514192303716688	0.0	0.0	0.0	0.001734565285517464	0.0	0.0006519372077988425	0.0001689632460819264	0.0025196340981241874	0.0	0.0	0.0016049185947903406	0.0	0.00013398976835340585	0.0	0.0005338182350174531	0.00037224264668682324	0.0003526159813726702	0.0	0.011169277594178198	0.0	0.0	0.0	0.0	0.0	0.0	0.0007604753368895103	0.0	0.0023954645589867136	0.004167640791085965	0.0	0.004156506771810344	0.0	2.359060024471115e-05	0.0	0.0	0.0	0.0	0.01450089776359227	2.0269302866204045e-05	0.0	0.0018120725872513466	0.00019737745859659423	9.310720940830418e-05	0.0	0.0016966381221270952	0.0	0.0001878488569127784	0.0	0.0	0.00013767154397019578	0.000536836973377469	0.0008140182410916904	0.0	0.0	0.0	0.0008774725533379583	0.002167279758494804	0.0	0.00020588677773907278	0.0	0.0	0.0	0.0	0.0	0.0	0.0	0.0009344861075046589	5.114588521190252e-05	0.0003176109029625823	0.00023592066906470477
chr10_MATERNAL_q	0.0	0.0	0.0022821142154531853	0.0026588107995712098	0.003726663818355852	0.0	0.004300837654759435	0.0017620789046507489	0.0	0.009783037450081439	0.01949086325414248	0.0	0.0014356269221669099	0.0	0.0	0.0	0.014434757054691607	0.0	0.0	0.0	0.0	0.0021202573199960465	0.0	0.0	0.0	0.0	0.0004774694986258444	0.0	0.0	0.0	0.09583173451622687	0.0	0.0	0.0	0.0	0.0	0.0	0.0013269463979870156	0.0	0.0	0.0	0.0	0.0	0.0	0.0	0.0	0.0	0.0002708167610752444	0.0	0.0	0.0026296012717310973	0.008950049606972986	0.0	0.0	0.0	0.0	0.0	0.0003854705348431199	0.00044533440605200704	0.0	0.0	0.0	0.0	0.0	0.0	0.0	0.0008206554157259387	0.00603122234311938	0.0	0.0	0.0	0.0	0.0	0.0	0.0	0.00015646565557543175	0.0
chr10_MATERNAL_p	0.0	0.0564681939214701	0.0	0.0	0.0	0.0	0.0005452176840384252	0.009518364534649859	0.0	0.02253164429273556	0.0	0.0	0.0	0.0	0.01234414943299246	0.0	0.0	0.0	0.0	0.0008385499992356356	0.0	0.0	0.0	0.0	0.0	0.0	0.005105839287342903	0.0	0.0	0.0	0.0	0.1579593470019444	0.0	0.019738147112934173	0.0	0.0	0.0	0.0	0.0	0.0	0.043690134942465424	0.0	0.0	0.0	0.0	0.0040105284197945994	0.0	0.0012470170194442004	0.0032136004134804413	0.0	0.0	0.0	0.030043442019902274	0.0	0.00915631764547049	0.0	0.004996070922019625	0.0	0.01231535339939524	0.0	0.0	0.0	0.0	0.0	0.0	0.0014139086511971812	0.08767138034269299	0.0	0.0015094821847698445	0.0	0.0	0.0	0.0	0.0	0.0052995211675869935	0.0	0.0
chr10_PATERNAL_q	0.0	0.0	0.0	0.011144092005741074	0.022012668369281452	0.06507787543513249	0.013193281575236346	0.0003556352012536278	0.0	0.009804961166409136	0.006518259602326529	0.0	0.0003786485189148494	0.007709155063858058	0.0	0.0	0.0027902697613266378	0.0	0.0	0.006483852418669713	0.0	0.003735156338982958	0.0	0.0016317585631364228	0.0	0.0	0.0062403569445821806	0.0	0.09583173451622687	0.0	0.0	0.0	0.0	0.0	0.0	0.0	0.0011577832895551424	0.0	0.0018678231346082028	0.003519575777301145	0.0	0.0	0.0	0.0	0.02877735140124458	0.0	0.0	0.002520816034459073	0.01116976544253662	0.012460997926018434	0.005886085615346793	0.0	0.0	0.00015520657056448248	0.0	0.0	0.001499013708290634	0.006053845389303006	0.0	0.00937463132418692	0.0	0.0	0.0	0.0	0.0	0.0	0.037288883448518294	0.0	5.9978771806174615e-05	0.0	0.0	0.0	0.0	0.00041070574757367975	0.0007385149977367616	0.0	0.0009243287925480443
chr10_PATERNAL_p	0.0	0.0	0.018931363820249337	0.006939362356995377	0.0	0.0	0.007357620708246745	0.0	0.0	0.0	0.009085732294828362	0.0	0.0	0.0	0.0	0.0	0.0	0.0	0.0	0.0020948352676964125	0.0	0.0	0.0	0.0024668317888943067	0.0	0.0	0.004284266090176896	0.0	0.0	0.1579593470019444	0.0	0.0	0.012325162502718829	0.0	0.0	0.0	0.0	0.0	0.0	0.0	0.0	0.0	0.0	0.0	0.0	0.0	0.0076406652112984115	0.0	0.0024365255295818815	0.0014870946594659643	0.0011170753261321503	0.0	0.0	0.0	0.006942245092627381	0.0	0.0037879800793025995	0.003949713442418311	0.0	0.0	0.018508184455069226	0.0	0.013037559917723016	0.0	0.0	0.0003044861305794272	0.03323586148461186	0.0	0.0011444770370991697	0.0	0.0	0.0	0.0	0.0	0.004722234320993482	0.0	0.0039372354435975206
chr11_MATERNAL_p	0.01436312657787915	0.0	0.0	0.013428540401310566	0.0	0.0	0.016204396506037357	0.010949849707930615	0.0	0.0	0.0	0.0	0.012981709338161276	0.029112845402870825	0.0	0.016934920932472425	0.03818369665460756	0.003958297691349419	0.0	0.01032329936635557	0.0	0.002321481438410054	0.0007024913886577902	0.005841059840822952	0.007048121787313186	0.0	0.00814796095787871	0.0007604753368895103	0.0	0.0	0.0	0.012325162502718829	0.0	0.16835145147907093	0.0	0.0012583240725169552	0.0	0.016160383080198275	0.0	0.0	0.010625777690551716	0.0	0.0	0.0	0.02466504942926866	0.0	0.0	0.0051056120885797605	0.0008724301903912053	0.027241176409468316	0.003340635700402517	0.01706476504825283	0.00837178108039747	0.0	0.02618040081440359	0.005248277762602903	0.0	0.0	0.009994279603061748	0.0	0.0033808337595623633	0.0	0.0	0.0	0.0	0.0	0.001052406972988672	0.0023896341924441416	0.0	0.0	0.0	0.005366948754312208	0.0	0.0	0.0	0.0013155152660228589	0.0
chr11_PATERNAL_p	0.011549831277222035	0.0	0.0	0.004586055996033276	0.0004820750694281207	0.0	0.015089707073675514	0.016341390310845125	0.0068155667581775515	0.0	0.0	0.0	0.007051860188937032	0.0052536155021221265	0.0	0.011330286791425222	0.002531348030002183	0.01196272511644365	0.0	0.005326895548577627	0.0	0.0031829260004815354	0.0028511971562174116	0.0025045013423820863	0.007550030430925966	0.0007650692273756264	0.008116082861648583	0.0	0.0	0.019738147112934173	0.0	0.0	0.16835145147907093	0.0	0.0	0.0030979373881634764	0.0	0.0	0.0	0.00031993204007887364	0.0	0.0	0.0	0.0	0.019655533772096	0.0006374538165365202	0.0	0.005926381329059023	0.0003051788554852186	0.012822403567804109	0.003116572598980508	0.0	0.03157576067519864	0.0	0.0013157697057146725	0.0	0.0	0.00036397519841308923	0.011491633997143367	0.0	0.009289482431640617	0.0	0.0066362873284729115	0.0	0.008916938207614992	0.0	0.0011375203329544144	0.0	0.0	0.0	0.0021292466941317412	0.0008908578808960626	0.0	0.0	0.0	0.0	0.0
chr12_MATERNAL_q	0.0	0.0	0.0	0.0	0.0	0.0	0.0	0.0	0.0	0.0	0.0	0.0	0.0	0.0	0.0	0.0	0.0	0.0	0.0	0.0	0.0	0.0	0.0	0.0011051835006639246	0.0	0.0	0.0	0.0023954645589867136	0.0	0.0	0.0	0.0	0.0	0.0	0.0	0.0	0.12521485504200774	0.0	0.0	0.0	0.0	0.0	0.0	0.0	0.0	0.0	0.0	0.017123793891066365	0.010110998444113893	0.0	0.0	0.0	0.0	0.0	0.0	0.0	0.0	0.0	0.0	0.0	0.0	0.006051210769987541	0.0	0.0	0.0	0.0	0.0	0.0	0.0	0.0	0.0	0.0	0.0	0.0007934362760492448	0.0	0.0	0.0
chr12_MATERNAL_p	0.0013176055289235071	0.0	0.0	0.0019318542140654867	0.0	0.0009854956523185792	0.004144491410159948	0.0	0.0	0.0	0.0	0.0	0.0	0.0	0.0	0.0	0.0	0.002621254894055555	0.0	0.0	0.0	0.00032998101133465535	0.0009451375405996138	0.0	0.00168119838682722	0.0004239512510051555	0.0014783365372339284	0.004167640791085965	0.0	0.0	0.0	0.0	0.0012583240725169552	0.0030979373881634764	0.0	0.0	0.0	0.04688700601136422	0.0	0.0	0.0	0.0	0.0002104073746708649	0.0	0.0003819772654564059	0.0	0.001470639702699207	0.0016640640495320207	0.004017498232146647	0.0007253039270637545	0.0005424208937872747	0.0024236784591676525	0.0	0.0003273375743563126	0.0	0.0	0.0	0.0	0.004143640340177581	0.0	0.000705554907919779	0.0	0.0012525061730969493	0.0021039252770332618	0.0036399848060607006	0.0	0.0012281153920152815	0.0008796887993067789	0.0002928678070921832	0.0	0.0	0.0	0.0	0.00015482359139159846	0.0001163378850483433	0.0	0.0006491964168712228
chr12_PATERNAL_q	0.0	0.025344925987165295	0.0	0.0	0.0	0.0	0.016092743873299446	0.0	0.0	0.0	0.001392962657330457	0.0	0.0	0.011492276800140986	0.0	0.0	0.0	0.0	0.0	0.0	0.0	0.0	0.0	0.0	0.0	0.0	0.0	0.0	0.0	0.0	0.0011577832895551424	0.0	0.0	0.0	0.12521485504200774	0.0	0.0	0.0	0.0	0.0022758644197750236	0.0	0.0	0.0	0.0015101643818386948	0.0	0.0	0.0	0.0	0.010317242964006426	0.0	0.0	0.018334842771235024	0.0	0.0	0.0	0.0	0.0	0.0	0.0	0.0	0.0	0.0	0.0	0.0	0.0	0.0	0.0	0.0	0.0	0.0	0.0	0.0	0.0	0.0	0.0	0.0	0.0
chr12_PATERNAL_p	0.00131408549298661	0.0035202696702051222	0.0028652652747203963	0.003204080112565656	0.00552089100944227	0.0	0.0034445160294854483	0.00031251020569671276	0.0	0.00022837846439570413	0.002168014671351224	0.0	0.0012675036709424603	0.0	0.004384143957890853	0.0	0.0	0.0013071260533161174	0.0	0.003105723594875044	0.0	0.0	0.0005165190892567851	0.0	0.0007313139616141627	0.0008456372965200916	0.00018258744296611974	0.004156506771810344	0.0013269463979870156	0.0	0.0	0.0	0.016160383080198275	0.0	0.0	0.04688700601136422	0.0	0.0	0.00526935528540401	0.0	0.0	0.0	0.0	0.0	0.0003809567978946291	0.0013789134918429898	0.0016101373623357564	0.0	0.0007406647087615028	0.011179841395471665	0.0002666791878617009	0.018073964044696873	0.0	0.000699094921881999	0.0	0.0006996709172166896	0.0005743553119590244	0.0	0.0052150775046661	0.0	0.0	0.0	0.002498320105392377	0.0	0.0018030481650682178	0.00014958680666786323	0.0	0.0	0.0005599716605209959	0.0	0.0010919299655345104	0.0008676271779367885	0.0	0.00047203772463139994	0.0	0.0	0.0019423861879352084
chr13_MATERNAL_q	0.0	0.0130785666834273	0.0	0.0	0.0	0.0	0.0	0.0	0.0	0.003208834941691929	0.0	0.0	0.0	0.0	0.0	0.0	0.0	0.0	0.0	0.0	0.0	0.0	0.0	0.0	0.0	0.0	0.0	0.0	0.0	0.0	0.0018678231346082028	0.0	0.0	0.0	0.0	0.0	0.0	0.00526935528540401	0.0	0.0	1.0	0.0	0.0	0.0	0.0	0.0	0.0	0.0	0.0023767569000196233	0.0	0.002622473556065456	0.017001504533411652	0.0	0.0	0.0	0.0	0.0	0.0	0.0	0.0	0.0	0.0	0.0	0.00894256752292539	0.0	0.0	0.0	0.031482870604491106	0.0	0.0	0.0	0.0	0.0	0.0	0.0	0.0	0.0
chr13_MATERNAL_p	0.0004062213229313163	0.0002454498360530084	0.0	0.0013279893994469637	0.0	0.0	0.0	4.878169755345184e-05	0.0005793360616679182	0.0011872997357019132	0.0019120615717115783	0.0020740588841602317	0.0022570809695955144	0.0010611009655720003	0.00036843933094066097	0.0	0.0038908003430018945	0.0	0.0	6.90224851070086e-05	0.0	0.0002676793043959121	0.0009281690848767716	0.0008822281106017505	0.0	4.340417909475115e-05	7.693150278346266e-05	2.359060024471115e-05	0.0	0.0	0.003519575777301145	0.0	0.0	0.00031993204007887364	0.0	0.0	0.0022758644197750236	0.0	0.0	0.0	0.0	0.01509715894816375	0.02920016427332396	0.030362500464813477	0.0	0.008062423038377	0.029765239427075055	0.000866222587860672	0.000139030655313952	4.144400449891255e-05	4.3889305515698114e-05	0.0	0.0	4.738220293225158e-05	0.00012139553367676093	0.0	0.0001983681721071842	0.0018579573915083211	0.002085681950037705	0.0	0.0	0.0003689750786738219	0.0	0.0	0.0	0.0008840200213114715	0.0010252423939462365	0.00206131590135355	0.001987271894814863	0.009674790137641281	0.0	0.00013264856647130115	0.03147707414537988	0.0005801879439503834	0.001131002128155702	0.002278194512272435	0.0004577586285749763
chr13_PATERNAL_q	0.0	0.0	0.03900471188642375	0.0	0.0	0.0	0.0	0.0	0.022909014944588465	0.0	0.0	0.0	0.0	0.0	0.0	0.0	0.0	0.0	0.0	0.0	0.0	0.0	0.0	0.0	0.0	0.0	0.0	0.0	0.0	0.043690134942465424	0.0	0.0	0.010625777690551716	0.0	0.0	0.0	0.0	0.0	1.0	0.0	0.0	0.0	0.0008892057527978261	0.0009041037281155178	0.0	0.0	0.0	0.0	0.004541930087085727	0.0	0.0	0.0	0.0	0.0	0.0	0.0	0.020342727217530453	0.0	0.0	0.0	0.0	0.0	0.0	0.02106299346787948	0.0	0.0	0.0	0.0	0.0	0.0	0.0	0.0	0.0	0.0	0.0	0.0018288254465396155	0.0
chr13_PATERNAL_p	0.0	0.0	0.0	0.0	0.0	0.0	0.0	0.0	0.0	0.0	0.0	0.0	0.0	0.0	0.0	0.0	0.0	0.0	0.0	0.0	0.0	0.0	0.0	0.0	0.0	0.0	0.0	0.0	0.0	0.0	0.0	0.0	0.0	0.0	0.0	0.0	0.0	0.0	0.0	0.01509715894816375	0.0	0.0	0.0	0.0340665359360955	0.0	0.018694819140903048	0.0011714801878796902	0.0	0.0	0.0	0.0	0.0	0.0	0.0	0.0	0.0	0.0	0.0	0.0	0.0	0.0	0.0	0.0	0.0034925718930832452	0.0	0.0	0.0	0.0	0.0	0.0559287831153742	0.0	0.0	0.04811446169878557	0.0	0.0	0.0	0.0
chr14_MATERNAL_p	0.0	0.0	0.00024482285307158305	0.0	0.0	0.0	0.0	0.00031021713473653465	0.0014270936758747198	0.00021877744439698652	0.00025704829637972746	0.0	0.0	0.0012620614692154901	0.0	0.0	0.0	0.0	0.0	0.0	0.0	0.00020848258004938004	0.00026685874405419453	0.002320738759178326	0.0	0.0003596538902074773	0.0026401194149201714	0.0	0.0	0.0	0.0	0.0	0.0	0.0	0.0	0.0002104073746708649	0.0	0.0	0.0	0.02920016427332396	0.0008892057527978261	0.0	0.0	0.017114380730240523	0.0	0.006024638754374388	0.1358671326614384	0.0002405756293771134	0.0	0.0	0.0003671132978109742	0.0001972530747476218	0.0	0.0	0.0	0.0	0.0006376119891174706	0.0007297786945524259	0.0	0.0	0.0	0.00018828662460314825	0.0	0.0	0.0	0.00022782027033426338	0.0	0.0	0.001362311565330209	0.012004798362821116	0.0	0.0005059023231004468	0.005105235359938767	0.0	0.0004304049509167944	0.00249246934989418	0.0
chr14_PATERNAL_p	0.0	0.0003257396149916895	0.0026631352145908053	0.0	0.0	0.0	0.0008153227106469312	0.00034808583936487067	0.0	0.0	0.0008508367692703314	0.0011184291516980144	0.0	0.0	0.0	0.0015176817516324907	0.0	0.0	0.0	3.630910283866001e-05	0.0006335781180067763	0.0003882395527699242	0.00041660791874369483	0.0	0.0	0.0	0.0003403701081694443	0.0	0.0	0.0	0.0	0.0	0.0	0.0	0.0	0.0	0.0015101643818386948	0.0	0.0	0.030362500464813477	0.0009041037281155178	0.0340665359360955	0.017114380730240523	0.0	0.0	0.020788171015137934	0.028639495669880256	8.46128383096906e-05	6.081997632263983e-05	0.0	0.0	0.0	0.0	5.529782088643242e-05	0.0	8.079634683589054e-05	0.0005593436960406471	0.0001543740285564258	0.00046659523563428166	0.0	8.730780012321606e-05	6.889806831918369e-05	0.0	0.0	3.6817719699372265e-05	0.002455509560259532	0.0005006663376905012	9.659994413836204e-05	0.0014078103018655475	0.029616983806746617	0.0	0.0038798654335260824	0.033982531224475726	0.0	8.959362742951474e-05	0.0006450940333929117	0.0012559527927234824
chr15_MATERNAL_q	0.0011713111474634717	0.00044558870171992497	0.0	0.001169148292999231	0.0	0.0016041314274643894	0.01289758080698077	0.0006016917843137999	0.0	0.0	0.0	0.0	0.0010552800946528734	0.0003722447288244273	0.0	0.016133200820674515	0.0007170337482005516	0.00610790394675439	0.0	0.0016547314521408298	0.0	0.0018992068370776028	0.0001495793073701	0.0	0.0009449804085675534	0.014949734728483469	0.0	0.01450089776359227	0.0	0.0	0.02877735140124458	0.0	0.02466504942926866	0.019655533772096	0.0	0.0003819772654564059	0.0	0.0003809567978946291	0.0	0.0	0.0	0.0	0.0	0.0	0.0	0.0	0.0	0.01974356147614544	0.003138806714609131	0.001189802335968179	0.00012269811143404507	0.00019018267627290863	0.0005206283424695408	0.00019838602457772253	0.0	0.00020004806813630094	0.0009713394163714372	0.003384398037810761	0.006633544872910669	0.0	0.025753425999169303	0.0	0.010513729299723116	0.0	0.0024790560335495224	0.00021237641036519814	0.0	0.0007753498170346149	7.435027289435791e-05	0.0007514515849282582	0.0	0.0	0.0	0.0	2.729900016504313e-05	0.00021308871236348846	0.00018879649042565446
chr15_MATERNAL_p	0.0	0.0	3.1120996727647155e-05	0.0	0.00019617955654727324	0.0	0.0	0.0005051239519138813	0.0	0.0	0.0006139350539893368	0.0	0.0	0.0	0.0010501089741506893	0.0	0.0	0.0	0.0	0.0	0.0003742144436074395	6.752723233087822e-05	1.9888612253706897e-05	0.0	0.0	2.1620341315895292e-05	0.0004322366817923727	2.0269302866204045e-05	0.0	0.0040105284197945994	0.0	0.0	0.0	0.0006374538165365202	0.0	0.0	0.0	0.0013789134918429898	0.0	0.008062423038377	0.0	0.018694819140903048	0.006024638754374388	0.020788171015137934	0.0	0.0	0.0053283005855690345	0.00010366719385535555	0.0	0.0	0.0	0.0	0.0	0.0	0.0	0.0	0.00027820859321702374	0.0030097269421842563	0.0	0.0	0.0	0.00011438127223070524	0.0	0.0	0.0	0.0009281719364618304	0.0	0.0	0.0004039684459226166	0.03260670875019147	0.0007814964447110525	0.0017153450711314367	0.03379808699873653	0.0003126365220260306	0.00015053241171892776	0.0003101577378842227	0.0005110530200612459
chr15_PATERNAL_p	0.0	0.000996947246687929	0.0	0.0	0.0	0.0	0.0	0.0	0.0	0.0	4.16632721924109e-05	0.0	0.0	0.0	0.0	0.0	0.0	0.0	0.0	0.0003830241707050641	0.0	9.297818940741434e-05	0.0	0.0011252982140956096	0.0	0.0	0.0	0.0	0.0	0.0	0.0	0.0076406652112984115	0.0	0.0	0.0	0.001470639702699207	0.0	0.0016101373623357564	0.0	0.029765239427075055	0.0	0.0011714801878796902	0.1358671326614384	0.028639495669880256	0.0	0.0053283005855690345	0.0	0.0	0.0004976256382466047	0.0	4.593369619582569e-05	0.0	0.0	0.0	0.0	0.0	0.0	0.0005279991644746025	0.0	0.0	0.0020371118922516782	0.0	0.0	0.0	0.0	0.0007308017486570167	0.00077566901615889	0.0005210998928478112	0.0010942059577525103	0.02320883236479586	0.0	0.0	0.009293847009378544	0.00014546814409477628	0.00045524934598883043	0.0	0.00013190640706756221
chr15_PATERNAL_q	0.0010117523373160838	0.0004333439810891717	0.021487747250424207	0.00040214439592970607	0.0	0.00042651087602494915	0.0038553229668011808	0.0008411684704974781	0.0	0.0007089052100184936	0.0012480741000550155	0.013771858646778686	0.004796833195344483	0.0	0.01114768801637775	0.001913331342895166	0.0020178508658690777	0.0	0.0	0.00025262625350517257	0.0007345658721080341	0.00012680995857366532	0.0005049891043454071	0.0007944110354199854	0.002353855506149791	0.004096858957446773	0.0015867654359327063	0.0018120725872513466	0.0002708167610752444	0.0012470170194442004	0.002520816034459073	0.0	0.0051056120885797605	0.005926381329059023	0.017123793891066365	0.0016640640495320207	0.0	0.0	0.0	0.000866222587860672	0.0	0.0	0.0002405756293771134	8.46128383096906e-05	0.01974356147614544	0.00010366719385535555	0.0	0.0	0.0007054687799639683	0.00011069592578879679	0.0002603270956787936	0.0003568035479070653	0.0007184484443977175	0.00010899604000888722	0.0	0.0	0.0017048730064765931	0.0004949844997704486	0.0018381858624916998	0.00023084187625603707	0.009735698749940035	0.0	0.0027153113745852653	0.0	0.0012764373397414859	0.0005108841246389237	0.0	0.0	0.00107890843612532	0.0	0.0003187739173722168	0.00022282372717459498	0.0031889349497056	0.0	0.000956694875844051	0.00037448061859157283	0.009612911437928381
chr16_MATERNAL_p	0.0005467635960226183	0.0013643882063696983	0.00890418965508184	0.0024189785073571225	0.0030049963244585453	0.0011927215702308993	0.0005848420222225207	0.0001563308416807001	0.0049436633790994585	0.0009768056403449458	0.0	0.003933026721887646	0.0011600254671208065	0.002990506569591897	0.0	0.0013158793986357432	0.002871765557943093	0.0	0.0	0.003760667902143434	0.0	0.0018976212233638495	0.0	9.10630507245767e-05	0.002191147373530362	0.00026101564912357127	0.0019789108036677443	0.00019737745859659423	0.0	0.0032136004134804413	0.01116976544253662	0.0024365255295818815	0.0008724301903912053	0.0003051788554852186	0.010110998444113893	0.004017498232146647	0.010317242964006426	0.0007406647087615028	0.0023767569000196233	0.000139030655313952	0.004541930087085727	0.0	0.0	6.081997632263983e-05	0.003138806714609131	0.0	0.0004976256382466047	0.0007054687799639683	0.0	0.0	0.008336535465158841	0.013782374393120021	0.0011562031188210066	0.009866087604812154	0.0006841569878129826	0.003085987210002936	0.0006117703195266355	0.0	0.0	0.001778749585771893	0.0006637349792388676	0.0	0.001239424496643421	0.002123034458745222	0.01835089432065623	0.0001521139727433732	0.005114996708547847	0.0047834769275217365	7.453815869368213e-05	0.0	0.003567562198614336	0.00060133963922458	0.0	0.0013616788476610972	0.0002808266041647549	0.0004274550370862991	0.008781991022013604
chr16_MATERNAL_q	0.005966043916627843	0.00046406155107086064	0.0	0.0029673830588223234	0.018280597886208526	0.013244770759759153	0.005824841662054284	0.002184240372206442	0.0	0.0	0.0007532101542106909	0.0016148232865988385	0.0029300406100141183	0.00017375558035000494	0.001122966350703397	0.0029921331145951638	0.0	0.002207519127781637	0.0	0.004160347334256505	0.0	0.013104767513977945	0.0009787911932629318	0.0	0.006851204007237125	0.0	0.0090536067302514	9.310720940830418e-05	0.0	0.0	0.012460997926018434	0.0014870946594659643	0.027241176409468316	0.012822403567804109	0.0	0.0007253039270637545	0.0	0.011179841395471665	0.0	4.144400449891255e-05	0.0	0.0	0.0	0.0	0.001189802335968179	0.0	0.0	0.00011069592578879679	0.0	0.0	0.009902086068432672	0.04398745014414049	0.0	0.0001249003726079837	0.0006922777407399667	0.000565443930462731	0.0030449453199294725	0.0002793195952521142	0.004781722733293587	0.0007142312888982515	0.001797419458591813	0.0004004092839289267	0.004378851877561398	0.005903514137705742	0.00018700227499188684	0.0	0.0008382501894695329	0.0023888293972471435	8.220664655740801e-05	0.0001303563588135722	0.0013768941951788967	0.004545161058706698	0.0	0.0	0.00012711317529356324	0.00047660440207261646	0.0005386099837889677
chr16_PATERNAL_p	0.001136206453521735	0.002254488800522547	0.0015410033926191323	0.002559811130304345	0.0010707008948829888	0.002094251542519589	0.0017589272135134857	0.002022462920804398	0.0005996702980271436	0.0	0.0003218603370833589	0.0	0.0030840293396094415	0.001490647836388956	0.0003672064904186441	0.0011783056682589485	0.002384462793845692	0.0007817222303660404	0.0	0.0069181454913928705	0.0	0.003742940021854695	0.0008616130390543352	0.0006674927708536753	0.007662686230947997	0.0007998475916924361	0.008260564639111215	0.0	0.0026296012717310973	0.0	0.005886085615346793	0.0011170753261321503	0.003340635700402517	0.003116572598980508	0.0	0.0005424208937872747	0.0	0.0002666791878617009	0.002622473556065456	4.3889305515698114e-05	0.0	0.0	0.0003671132978109742	0.0	0.00012269811143404507	0.0	4.593369619582569e-05	0.0002603270956787936	0.008336535465158841	0.009902086068432672	0.0	0.0	0.0007436258242563998	0.001115529059714797	0.0007560073614821917	0.0011651561804436705	0.0	0.00042919914822758576	0.00325612363363859	0.00010661837758402809	0.007280103508401645	0.00015211300587992328	0.00920699752672669	0.008088942461118718	0.0009838319822883643	0.00018660645278394442	0.0008876714516802867	0.0013401615546422838	0.0	0.0016201299187003004	0.0006887719531277628	0.00014789439498997682	0.0	0.0021446153387331005	0.00019219791026399763	0.0003262716859444931	0.0
chr16_PATERNAL_q	0.0	0.04089817476083831	0.0	0.010701853541565021	0.013395055412703779	0.0	0.003064195635443313	0.0006987329975589255	0.01499527727530202	0.0	0.0	0.0	0.009385354224043055	0.0008845208143294402	0.0	0.0	0.0	0.0	0.0	0.003831973109134039	0.0	0.008876779620340844	0.0	0.0	0.006271686548607797	0.02243666039291288	0.0032651607460997462	0.0016966381221270952	0.008950049606972986	0.0	0.0	0.0	0.01706476504825283	0.0	0.0	0.0024236784591676525	0.018334842771235024	0.018073964044696873	0.017001504533411652	0.0	0.0	0.0	0.0001972530747476218	0.0	0.00019018267627290863	0.0	0.0	0.0003568035479070653	0.013782374393120021	0.04398745014414049	0.0	0.0	0.009938613569461635	0.00039113770343038117	0.0	0.018997044597728687	0.0	0.000919400595286824	0.0	0.029503437528376707	0.0012187571525204878	0.0	0.01761395330063956	0.014764376514189935	0.0006851705679790114	0.0	0.0	0.00902681482391684	0.0	0.0	0.0	0.0	0.0	0.0018112526206823883	0.00011602455611100298	0.0	0.0
chr17_MATERNAL_p	0.0	0.0	0.0	0.0032008630117979896	0.0	0.0	0.005754945376519394	0.002832816253868939	0.0	0.0	0.0	0.0	0.0	0.0	0.0	0.0	0.0	0.0	0.0	0.0008134735609536541	0.0	0.003780562294174145	0.0	0.0	0.0020307690894285726	0.0	0.0	0.0	0.0	0.030043442019902274	0.0	0.0	0.00837178108039747	0.03157576067519864	0.0	0.0	0.0	0.0	0.0	0.0	0.0	0.0	0.0	0.0	0.0005206283424695408	0.0	0.0	0.0007184484443977175	0.0011562031188210066	0.0	0.0007436258242563998	0.009938613569461635	0.0	0.0	0.15857514679769982	0.006038585289272925	0.0	0.0	0.0015894594985995738	0.0	0.0	0.0	0.0	0.0	0.0	0.0	0.0	0.0	0.0	0.0	0.0	0.0	0.0	0.0	0.0	0.0	0.0
chr17_MATERNAL_q	0.0019213588279585693	0.035053325008180314	0.0	0.0003931264792211857	0.0	0.0006561295376702806	0.0004919471530696266	0.02111857411576241	0.0	0.006504585616434759	0.0	0.0	0.00166876218920246	0.0	0.0	0.0009798167036516017	0.0028719530389365745	0.0	0.0	0.005640322689434592	0.0	0.0	0.000452070053035386	0.0007195367165780582	0.0059829069100525096	0.0	0.0	0.0001878488569127784	0.0	0.0	0.00015520657056448248	0.0	0.0	0.0	0.0	0.0003273375743563126	0.0	0.000699094921881999	0.0	4.738220293225158e-05	0.0	0.0	0.0	5.529782088643242e-05	0.00019838602457772253	0.0	0.0	0.00010899604000888722	0.009866087604812154	0.0001249003726079837	0.001115529059714797	0.00039113770343038117	0.0	0.0	0.0	0.18673833287936675	0.0	0.0	0.0007668161537343742	0.0005741586546602251	0.0	0.02058713101273023	0.0	0.0	0.0	0.0	0.0	0.046733955108837225	0.0	0.0	0.024550822613683253	0.008276454335631843	0.0	0.0	0.0003107803562603819	0.0	0.0
chr17_PATERNAL_p	0.0	0.0	0.010846766367765937	0.0	0.0	0.0	0.0072314754425061144	0.0023661345552726267	0.009202174616068776	0.0	0.0	0.0	0.0023525785352846076	0.0012351558465561088	0.0	0.0	0.00443116088300004	0.0	0.0	0.0004887990049009582	0.0	0.0038495606239025036	0.0	0.0	0.0009356018555633475	0.0006884369756772643	0.0026998034238389875	0.0	0.0	0.00915631764547049	0.0	0.006942245092627381	0.02618040081440359	0.0013157697057146725	0.0	0.0	0.0	0.0	0.0	0.00012139553367676093	0.0	0.0	0.0	0.0	0.0	0.0	0.0	0.0	0.0006841569878129826	0.0006922777407399667	0.0007560073614821917	0.0	0.15857514679769982	0.0	0.0	0.0	0.0	0.0	0.0019852346710901424	0.0	0.0	0.0	0.0	0.0	0.0	0.0	0.0	0.0	0.0	0.0	0.0	0.0	0.0	0.0002134617924391654	0.0	0.0	0.0017378382061665812
chr17_PATERNAL_q	0.0018337101955028057	0.0030358815072528363	0.0	0.0	0.0	0.003700311284066887	0.0	0.0	0.0	0.0	0.0	0.0	0.010468559390557354	0.007295279978583551	0.0	0.0	0.01353190717845804	0.0	0.0	0.0006074696078006384	0.0	0.0	0.0016968332378394793	0.0035810343186769753	0.0006770364628044725	0.0	0.0	0.0	0.0	0.0	0.0	0.0	0.005248277762602903	0.0	0.0	0.0	0.0	0.0006996709172166896	0.0	0.0	0.0	0.0	0.0	8.079634683589054e-05	0.00020004806813630094	0.0	0.0	0.0	0.003085987210002936	0.000565443930462731	0.0011651561804436705	0.018997044597728687	0.006038585289272925	0.18673833287936675	0.0	0.0	0.0	0.0	0.0	0.0	0.0	0.0062495783580660425	0.0	0.0	0.00039231255678341437	0.0	0.0	0.0	0.0	0.0	0.004299822462074705	0.0	0.0	0.0005388677088134925	0.00010343484275275686	0.0002686008365563936	0.0
chr18_MATERNAL_p	0.0	0.0	0.0	0.0	0.0	0.0	0.000137752184322214	0.00017209367255813072	0.0	0.0	0.0	0.0	0.0	0.0005415697535024062	0.0	0.0	0.0	0.0	0.0	0.0012451928205591293	0.0	0.0012446778584096596	0.0011368907579948797	0.004777006085176485	0.0004466622058833573	0.0	0.0	0.00013767154397019578	0.0	0.004996070922019625	0.001499013708290634	0.0037879800793025995	0.0	0.0	0.0	0.0	0.0	0.0005743553119590244	0.0	0.0001983681721071842	0.020342727217530453	0.0	0.0006376119891174706	0.0005593436960406471	0.0009713394163714372	0.00027820859321702374	0.0	0.0017048730064765931	0.0006117703195266355	0.0030449453199294725	0.0	0.0	0.0	0.0	0.0	0.0	0.0	0.023014773879766755	0.0	0.0	0.0	0.0	0.0	0.0016565279619490327	0.00043086146324083674	0.00016299211181528968	0.001894818735456894	0.0036118900221076525	0.00027938301646453006	0.0007033227690971097	0.0	0.0009820819484637454	0.0	0.00014862440733875748	0.000919656280295894	0.0006386016641444131	0.0010657344932041512
chr18_PATERNAL_p	0.0	0.0027532778526763494	0.0003551838195135017	0.0	0.0	0.0	0.00039711028480677023	0.0	0.011425571709393467	0.00016552640359630374	0.0004876499329941963	0.009091531277342135	0.0	0.0	0.0008649065636305122	0.0	0.0007914972024024461	0.0	0.0	0.0	0.0008870031771474785	0.0	0.0	0.000430513873334131	0.0	0.0	0.002311218678918582	0.000536836973377469	0.0003854705348431199	0.0	0.006053845389303006	0.003949713442418311	0.0	0.00036397519841308923	0.0	0.0	0.0	0.0	0.0	0.0018579573915083211	0.0	0.0	0.0007297786945524259	0.0001543740285564258	0.003384398037810761	0.0030097269421842563	0.0005279991644746025	0.0004949844997704486	0.0	0.0002793195952521142	0.00042919914822758576	0.000919400595286824	0.0	0.0	0.0	0.0	0.023014773879766755	0.0	0.001793534493091292	0.0012176445648290786	0.0	0.0	0.0019283737259452182	0.0	0.0	0.0003578818047371571	0.0	0.0007098398415448218	0.00029895975409580507	0.0	0.0	0.0	0.0	0.0	0.0002703397484472564	0.00105739957355334	0.00025918400541598155
chr19_MATERNAL_p	0.003881893871580767	0.0	0.0	0.01805011669881757	0.0	0.0	0.021581748107316306	0.029328628225781164	0.005863606008130115	0.0	0.0	0.0	0.011757600216464258	0.0011133657445123583	0.008661727385325377	0.0014016196980242495	0.0025074894581396732	0.012657315682758333	0.0	0.0006945448293214603	0.0	0.005605130508275651	0.0	0.0005536913857787953	0.00656468800690996	0.00525060988439687	0.0056783792426521006	0.0008140182410916904	0.00044533440605200704	0.01231535339939524	0.0	0.0	0.009994279603061748	0.011491633997143367	0.0	0.004143640340177581	0.0	0.0052150775046661	0.0	0.002085681950037705	0.0	0.0	0.0	0.00046659523563428166	0.006633544872910669	0.0	0.0	0.0018381858624916998	0.0	0.004781722733293587	0.00325612363363859	0.0	0.0015894594985995738	0.0007668161537343742	0.0019852346710901424	0.0	0.0	0.001793534493091292	0.0	0.0	0.08234169089317878	0.0	0.015683465321612394	0.0	0.0010038545081451622	0.0	0.0	0.0	0.0	0.0	0.0010046661912781927	0.001210759542311644	0.0	0.00019502062640404204	0.0003024852027270766	0.0	0.0
chr19_MATERNAL_q	0.0	0.017478420061780943	0.0012154321264027561	0.0	0.0	0.0	0.0	0.0	0.0	0.004692493095337484	0.0	0.0	0.0	0.0	0.0	0.0	0.0	0.0	0.0	0.0009859984003555999	0.0	0.002359695002092272	0.0	0.00021178977167996988	0.0	0.0	0.0	0.0	0.0	0.0	0.00937463132418692	0.0	0.0	0.0	0.0	0.0	0.0	0.0	0.0	0.0	0.0	0.0	0.0	0.0	0.0	0.0	0.0	0.00023084187625603707	0.001778749585771893	0.0007142312888982515	0.00010661837758402809	0.029503437528376707	0.0	0.0005741586546602251	0.0	0.0	0.0	0.0012176445648290786	0.0	0.0	0.004251370219514684	0.044151907522763406	0.0	0.0	0.003310986664389393	0.0	0.00393365877659842	0.03883886995858703	0.0	0.0	0.06800932298135447	0.09837938041600591	0.0	0.0	0.0012075877796890665	0.0	0.0
chr19_PATERNAL_p	0.0038561968413237807	0.0	0.006307467576726936	0.005007361083650954	0.0018358561504770944	0.0	0.024605594684074056	0.020893030931581784	0.012731154585995504	0.0	0.0	0.006794719321012906	0.0014787168886776024	0.0026095810367468392	0.003372751027543869	0.0	0.0	0.0	0.0	0.01505228689079993	0.0	0.005587105923581709	0.0	0.0002716151095465267	0.01750187653456591	0.0015227049509654185	0.010993430672167463	0.0	0.0	0.0	0.0	0.018508184455069226	0.0033808337595623633	0.009289482431640617	0.0	0.000705554907919779	0.0	0.0	0.0	0.0	0.0	0.0	0.0	8.730780012321606e-05	0.025753425999169303	0.0	0.0020371118922516782	0.009735698749940035	0.0006637349792388676	0.001797419458591813	0.007280103508401645	0.0012187571525204878	0.0	0.0	0.0	0.0	0.0	0.0	0.08234169089317878	0.004251370219514684	0.0	0.0	0.004160320133272998	0.0	0.0008273846397992846	0.0	0.0	0.0009820988493114394	0.0004509898742474064	0.0	0.0010443000602956783	0.0	0.0	0.0	0.0	0.0003111512289897683	0.0005032520628107855
chr19_PATERNAL_q	0.005104588654324046	0.012737937582150558	0.023081132462404962	0.008865630603930355	0.0013716772203719119	0.0	0.0	0.0	0.0	0.021351875253342326	0.006375659069495154	0.0	0.016975718024763473	0.0	0.0	0.000787524954438579	0.0	0.0	0.0	0.0022835122820431615	0.0	0.0	0.004329993520381501	0.0	0.0	0.0	0.0	0.0	0.0	0.0	0.0	0.0	0.0	0.0	0.006051210769987541	0.0	0.0	0.0	0.0	0.0003689750786738219	0.0	0.0	0.00018828662460314825	6.889806831918369e-05	0.0	0.00011438127223070524	0.0	0.0	0.0	0.0004004092839289267	0.00015211300587992328	0.0	0.0	0.02058713101273023	0.0	0.0062495783580660425	0.0	0.0	0.0	0.044151907522763406	0.0	0.0	0.0	0.0	0.0	0.0	0.17665988207244765	0.5496227632070281	0.0006624048874592012	0.0	0.019856054060098046	0.047072219218410094	0.0	0.0	0.0009336951489110823	0.0006807512230351892	0.0001238535725281859
chr20_MATERNAL_p	0.007812474375123077	0.009088260578324242	0.016310972392792663	0.0026034438329725846	0.00939357571131324	0.0	0.008723119669993572	0.008096725994239261	0.0	0.0024930786414562285	0.0	0.0	0.005967313782921071	0.002207547425705863	0.0	0.0058799486837997185	0.0	0.0	0.0	0.004033574843547672	0.0	0.0047141076347393274	0.0	0.005482681675521664	0.005727901266541065	0.0	0.0033157818494327076	0.0008774725533379583	0.0	0.0	0.0	0.013037559917723016	0.0	0.0066362873284729115	0.0	0.0012525061730969493	0.0	0.002498320105392377	0.0	0.0	0.0	0.0	0.0	0.0	0.010513729299723116	0.0	0.0	0.0027153113745852653	0.001239424496643421	0.004378851877561398	0.00920699752672669	0.01761395330063956	0.0	0.0	0.0	0.0	0.0	0.0019283737259452182	0.015683465321612394	0.0	0.004160320133272998	0.0	0.0	0.12447037666966917	0.0012432031037170374	0.001169932313045448	0.014317753973602656	0.012579482887651733	0.0	0.0	0.0	0.005948316017450794	0.0	0.0005694643187614178	0.0	0.0009243005118411415	0.0
chr20_PATERNAL_p	0.011238337419683542	0.016835401104342743	0.020143331078443363	0.003962797079904832	0.0	0.004620204588859223	0.008150731447764643	0.001053427133975604	0.0	0.0021890538302291656	0.0	0.0	0.008063068814089974	0.0	0.0	0.014522954267811885	0.0	0.0	0.0	0.011535676231933077	0.0	0.0007794135102717916	0.0	0.0	0.0069843183502193784	0.0	0.0057804622782576	0.002167279758494804	0.0	0.0	0.0	0.0	0.0	0.0	0.0	0.0021039252770332618	0.0	0.0	0.00894256752292539	0.0	0.02106299346787948	0.0034925718930832452	0.0	0.0	0.0	0.0	0.0	0.0	0.002123034458745222	0.005903514137705742	0.008088942461118718	0.014764376514189935	0.0	0.0	0.0	0.0	0.0016565279619490327	0.0	0.0	0.0	0.0	0.0	0.12447037666966917	0.0	0.0	0.0	0.0	0.08335220205947147	0.0	0.0021344646785948773	0.0	0.005688685510412518	0.0	0.0	0.0	0.0	0.00042229690913066844
chr20_PATERNAL_q	0.0019916104229826346	0.0	0.0	0.002236688660836909	0.0017889667118379813	0.0	0.0005972059728494358	0.007566722170770798	0.004108455484594794	0.0	0.0007863033524854586	0.0	0.004285933854390012	0.0013877999670730285	0.019639475593323595	0.0010267022076058982	0.0	0.050095790770744386	0.006374383567225506	0.008099164517558334	0.0	0.00140048846055011	0.0	0.00046776197869276086	0.008833342672472766	0.003967675074662177	0.008262574418601785	0.0	0.0	0.0	0.0	0.0	0.0	0.008916938207614992	0.0	0.0036399848060607006	0.0	0.0018030481650682178	0.0	0.0	0.0	0.0	0.0	3.6817719699372265e-05	0.0024790560335495224	0.0	0.0	0.0012764373397414859	0.01835089432065623	0.00018700227499188684	0.0009838319822883643	0.0006851705679790114	0.0	0.0	0.0	0.00039231255678341437	0.00043086146324083674	0.0	0.0010038545081451622	0.003310986664389393	0.0008273846397992846	0.0	0.0012432031037170374	0.0	0.0	0.00011687898163427666	0.007193052263542909	0.0	0.0	0.0	0.01867741925138689	0.0	0.0	0.00028935761321720614	0.0	0.0003853285021214644	0.0
chr21_MATERNAL_p	0.0	0.0	0.0	0.0	0.0	0.0	0.0013110305723588503	0.0	0.0005258436714514912	0.0	0.0	0.0	0.0	0.0003091621137490705	0.0	0.0	0.0003323859178792495	0.0	0.0	0.0	0.0	5.6277168887053936e-05	0.000315607692397572	4.714743419147269e-05	0.0	4.057848486278935e-05	0.00012159894518158785	0.00020588677773907278	0.0	0.0014139086511971812	0.0	0.0003044861305794272	0.0	0.0	0.0	0.0	0.0	0.00014958680666786323	0.0	0.0008840200213114715	0.0	0.0	0.00022782027033426338	0.002455509560259532	0.00021237641036519814	0.0009281719364618304	0.0007308017486570167	0.0005108841246389237	0.0001521139727433732	0.0	0.00018660645278394442	0.0	0.0	0.0	0.0	0.0	0.00016299211181528968	0.0003578818047371571	0.0	0.0	0.0	0.0	0.001169932313045448	0.0	0.00011687898163427666	0.0	0.0	0.0	0.026499968083053507	0.0015773221117034149	0.0	0.0	0.0	0.00019606633406513195	0.0006576698047545676	0.0003018416763608838	0.0005372472615077828
chr21_MATERNAL_q	0.0	0.0028490788231872906	0.03409409162328494	0.0	0.0014457625221320214	0.0	0.0	0.0	0.0059748330990518905	0.012099176645088557	0.004158612883207114	0.032486620469880906	0.012015772939928485	0.00015571046857656314	0.0	0.0	0.0	0.0	0.0	0.0	0.0	0.0007425736533706116	0.0	0.0	0.004003433638869021	0.0	0.0004895811911589707	0.0	0.0008206554157259387	0.08767138034269299	0.037288883448518294	0.03323586148461186	0.001052406972988672	0.0011375203329544144	0.0	0.0012281153920152815	0.0	0.0	0.0	0.0010252423939462365	0.0	0.0	0.0	0.0005006663376905012	0.0	0.0	0.00077566901615889	0.0	0.005114996708547847	0.0008382501894695329	0.0008876714516802867	0.0	0.0	0.0	0.0	0.0	0.001894818735456894	0.0	0.0	0.00393365877659842	0.0	0.17665988207244765	0.014317753973602656	0.0	0.007193052263542909	0.0	0.0	0.2688189643914001	0.0	0.0	0.001810687959740127	0.04439282442213402	0.0	0.0001426515536466853	0.0015648430165289924	0.0002321126006156631	0.0
chr21_PATERNAL_q	0.0	0.0	0.08703310357012647	0.004578288408022003	0.001641400924601317	0.0	0.0	0.005825409170731867	0.0	0.0	0.007907042322350736	0.0	0.011760930279704884	0.0	0.0	0.00853820292588043	0.0	0.0	0.0	0.0023216966979792606	0.0	0.0	0.00159796096482567	0.0009650307341134769	0.00018969051393087654	0.0	0.0022233223161732154	0.0	0.00603122234311938	0.0	0.0	0.0	0.0023896341924441416	0.0	0.0	0.0008796887993067789	0.0	0.0	0.031482870604491106	0.00206131590135355	0.0	0.0	0.0	9.659994413836204e-05	0.0007753498170346149	0.0	0.0005210998928478112	0.0	0.0047834769275217365	0.0023888293972471435	0.0013401615546422838	0.00902681482391684	0.0	0.046733955108837225	0.0	0.0	0.0036118900221076525	0.0007098398415448218	0.0	0.03883886995858703	0.0009820988493114394	0.5496227632070281	0.012579482887651733	0.08335220205947147	0.0	0.0	0.2688189643914001	0.0	0.0	0.00013659174288967635	0.05322897513345065	0.03727460856646879	0.0	0.0	0.0	8.277665147754815e-05	0.000145141506918533
chr21_PATERNAL_p	0.0	0.0008959821163317404	0.00015263560360291486	0.0	0.0	0.0	0.0	0.0	0.0	0.0	0.0	0.0	0.0005140780975715019	0.0	0.0004033477266942298	0.00063360791885845	0.0	0.0	0.0	0.0	0.0	0.0001104862448242233	0.0002036967575558258	3.686648137522488e-05	6.283136081431153e-05	8.854693042162043e-05	0.0	0.0	0.0	0.0015094821847698445	5.9978771806174615e-05	0.0011444770370991697	0.0	0.0	0.0	0.0002928678070921832	0.0	0.0005599716605209959	0.0	0.001987271894814863	0.0	0.0	0.001362311565330209	0.0014078103018655475	7.435027289435791e-05	0.0004039684459226166	0.0010942059577525103	0.00107890843612532	7.453815869368213e-05	8.220664655740801e-05	0.0	0.0	0.0	0.0	0.0	0.0	0.00027938301646453006	0.00029895975409580507	0.0	0.0	0.0004509898742474064	0.0006624048874592012	0.0	0.0	0.0	0.026499968083053507	0.0	0.0	0.0	0.0022680293511096274	0.0	0.0	0.0	9.068313902344525e-05	0.00029925969133207835	0.0001310218757661849	0.0006226843684434064
chr22_MATERNAL_p	0.0	0.0	0.0	0.0	0.0	0.0	0.0	0.0	0.0	0.0	0.0015242963763597195	0.0031940086829450472	0.0	0.0	0.0	0.0003442685760621528	0.0	0.0	0.0	0.0	0.0	0.00027740080503059163	0.00033379648051426507	0.0018079650560105678	0.0	0.0	0.0	0.0	0.0	0.0	0.0	0.0	0.0	0.0	0.0	0.0	0.0	0.0	0.0	0.009674790137641281	0.0	0.0559287831153742	0.012004798362821116	0.029616983806746617	0.0007514515849282582	0.03260670875019147	0.02320883236479586	0.0	0.0	0.0001303563588135722	0.0016201299187003004	0.0	0.0	0.0	0.0	0.0	0.0007033227690971097	0.0	0.0	0.0	0.0	0.0	0.0	0.0021344646785948773	0.0	0.0015773221117034149	0.0	0.00013659174288967635	0.0022680293511096274	0.0	0.0	0.0	0.03943694790730153	0.0002642767866386788	0.0007519827655927259	0.00013928803110761312	0.00024482689538312
chr22_MATERNAL_q	0.0014398493223840374	0.004381965230145991	0.007294556500461429	0.0	0.0	0.0	0.001843165995407513	0.003545257453311553	0.0	0.0	0.0	0.0	0.0008057195363248455	0.0	0.0	0.0	0.0	0.0	0.0	0.0	0.0	0.0	0.0013591704092458358	0.0	0.00029512419314373746	0.0	0.0	0.0	0.0	0.0	0.0	0.0	0.0	0.0021292466941317412	0.0	0.0	0.0	0.0010919299655345104	0.0	0.0	0.0	0.0	0.0	0.0	0.0	0.0007814964447110525	0.0	0.0003187739173722168	0.003567562198614336	0.0013768941951788967	0.0006887719531277628	0.0	0.0	0.024550822613683253	0.0	0.004299822462074705	0.0	0.0	0.0010046661912781927	0.06800932298135447	0.0010443000602956783	0.019856054060098046	0.0	0.0	0.01867741925138689	0.0	0.001810687959740127	0.05322897513345065	0.0	0.0	0.0	0.03283218033614616	0.0	0.0	0.0	0.0	0.0
chr22_PATERNAL_q	0.0019415801017209349	0.008863361288941048	0.05031374776800555	0.0010281529301760628	0.0	0.0	0.0	0.0	0.0	0.0021151803323603163	0.0	0.0	0.0	0.0030263414214077465	0.0	0.0	0.0	0.0	0.0	0.0	0.0	0.0	0.0	0.0	0.0013459041210291856	0.0	8.772499951719665e-05	0.0	0.0	0.0	0.0	0.0	0.005366948754312208	0.0008908578808960626	0.0	0.0	0.0	0.0008676271779367885	0.0	0.00013264856647130115	0.0	0.0	0.0005059023231004468	0.0038798654335260824	0.0	0.0017153450711314367	0.0	0.00022282372717459498	0.00060133963922458	0.004545161058706698	0.00014789439498997682	0.0	0.0	0.008276454335631843	0.0	0.0	0.0009820819484637454	0.0	0.001210759542311644	0.09837938041600591	0.0	0.047072219218410094	0.005948316017450794	0.005688685510412518	0.0	0.0	0.04439282442213402	0.03727460856646879	0.0	0.0	0.03283218033614616	0.0	0.0	0.0007019313559730635	0.0003619922421643922	0.0	0.0005762597544456501
chr22_PATERNAL_p	0.0	0.0	0.0	0.0	0.0	0.0	0.0	0.0	0.0	0.0	0.0	0.008682876199324266	0.0	0.0	0.0	0.0	0.0	0.0	0.0	0.0	0.0	0.0	0.0	0.0	0.0	0.0	0.0	0.0	0.0	0.0	0.0	0.0	0.0	0.0	0.0	0.0	0.0	0.0	0.0	0.03147707414537988	0.0	0.04811446169878557	0.005105235359938767	0.033982531224475726	0.0	0.03379808699873653	0.009293847009378544	0.0031889349497056	0.0	0.0	0.0	0.0	0.0	0.0	0.0	0.0	0.0	0.0	0.0	0.0	0.0	0.0	0.0	0.0	0.0	0.0	0.0	0.0	0.0	0.03943694790730153	0.0	0.0	0.0	0.0	0.0	0.0005555607184047691	0.0
chrX_MATERNAL_q	0.0	0.0004733761507182658	0.0010782615158194426	0.0	0.0019270529053078437	0.00036198353866540354	0.0010448846385161213	0.001708646310102781	0.0	0.0005581244828666928	0.0010439297469034554	0.0	0.0009392041214811257	0.000175001299809933	0.00043681359427505655	0.0	0.0	0.0	0.0	0.007442131701308446	0.0	0.002328739253236246	0.0	0.0	0.0	0.0	0.0	0.0009344861075046589	0.0	0.0	0.00041070574757367975	0.0	0.0	0.0	0.0007934362760492448	0.00015482359139159846	0.0	0.00047203772463139994	0.0	0.0005801879439503834	0.0	0.0	0.0	0.0	0.0	0.0003126365220260306	0.00014546814409477628	0.0	0.0013616788476610972	0.0	0.0021446153387331005	0.0018112526206823883	0.0	0.0	0.0002134617924391654	0.0005388677088134925	0.00014862440733875748	0.0	0.00019502062640404204	0.0	0.0	0.0	0.0005694643187614178	0.0	0.00028935761321720614	0.00019606633406513195	0.0001426515536466853	0.0	9.068313902344525e-05	0.0002642767866386788	0.0	0.0007019313559730635	0.0	0.0	0.0	0.0012772270840289055	0.03153494449629085
chrX_MATERNAL_p	0.0	0.0008537726678469795	0.0	0.00033414432897941037	0.0002101621832239448	0.0003161215842077511	0.0	0.0	0.0005026570726446514	0.000185754648494586	8.987256579973914e-05	0.0006671306616505307	7.626051164307145e-05	0.0	0.0	0.0008758422327609295	0.0	0.0	0.0001901637160492017	0.0022484607051669117	0.0	3.7948871962573214e-05	0.0010754091504148091	0.00012089991705647421	0.00020426999456464142	0.0002756630753852696	0.0005353035675289303	5.114588521190252e-05	0.0	0.0052995211675869935	0.0007385149977367616	0.004722234320993482	0.0	0.0	0.0	0.0001163378850483433	0.0	0.0	0.0	0.001131002128155702	0.0	0.0	0.0004304049509167944	8.959362742951474e-05	2.729900016504313e-05	0.00015053241171892776	0.00045524934598883043	0.000956694875844051	0.0002808266041647549	0.00012711317529356324	0.00019219791026399763	0.00011602455611100298	0.0	0.0003107803562603819	0.0	0.00010343484275275686	0.000919656280295894	0.0002703397484472564	0.0003024852027270766	0.0012075877796890665	0.0	0.0009336951489110823	0.0	0.0	0.0	0.0006576698047545676	0.0015648430165289924	0.0	0.00029925969133207835	0.0007519827655927259	0.0	0.0003619922421643922	0.0	0.0	0.0	0.0666585293671676	0.000758762465281345
chrY_PATERNAL_p	0.0	0.0013901932581172267	0.0	0.0	0.0	0.0018589743770100942	0.0008284214398055202	0.0008280865843230081	0.0006981062187879052	0.00025774924613315134	0.00020704732551129752	0.0	0.0	0.0	0.0	0.0	0.0004087886542958911	0.0	0.0010528969134294308	0.0006646139157393628	0.0004765419338258322	0.0003377166987209687	0.0005398573298683588	0.0011945602576656008	0.00010218283588777995	0.0	0.0005903706971150499	0.0003176109029625823	0.00015646565557543175	0.0	0.0	0.0	0.0013155152660228589	0.0	0.0	0.0	0.0	0.0	0.0	0.002278194512272435	0.0018288254465396155	0.0	0.00249246934989418	0.0006450940333929117	0.00021308871236348846	0.0003101577378842227	0.0	0.00037448061859157283	0.0004274550370862991	0.00047660440207261646	0.0003262716859444931	0.0	0.0	0.0	0.0	0.0002686008365563936	0.0006386016641444131	0.00105739957355334	0.0	0.0	0.0003111512289897683	0.0006807512230351892	0.0009243005118411415	0.0	0.0003853285021214644	0.0003018416763608838	0.0002321126006156631	8.277665147754815e-05	0.0001310218757661849	0.00013928803110761312	0.0	0.0	0.0005555607184047691	0.0012772270840289055	0.0666585293671676	0.0	0.0
chrY_PATERNAL_q	0.003419864304221188	0.0007828197669007968	0.0	0.0	0.0	0.0	0.0	0.0	0.0	0.0	0.008224370064561759	0.003333210607734352	0.00037566987620716354	0.00012526042237473195	0.0	0.00039716585097462524	0.0	0.0	0.0	0.0012443961772317714	0.000496580957502722	9.65471524154626e-05	0.00016230136302008844	0.0	0.0	0.0	0.0	0.00023592066906470477	0.0	0.0	0.0009243287925480443	0.0039372354435975206	0.0	0.0	0.0	0.0006491964168712228	0.0	0.0019423861879352084	0.0	0.0004577586285749763	0.0	0.0	0.0	0.0012559527927234824	0.00018879649042565446	0.0005110530200612459	0.00013190640706756221	0.009612911437928381	0.008781991022013604	0.0005386099837889677	0.0	0.0	0.0	0.0	0.0017378382061665812	0.0	0.0010657344932041512	0.00025918400541598155	0.0	0.0	0.0005032520628107855	0.0001238535725281859	0.0	0.00042229690913066844	0.0	0.0005372472615077828	0.0	0.000145141506918533	0.0006226843684434064	0.00024482689538312	0.0	0.0005762597544456501	0.0	0.03153494449629085	0.000758762465281345	0.0	0.0
